#VRML V2.0 utf8
# META "generator" "CAD Exchanger 3.8.1 (cadexchanger.com)"
DEF __1 Transform {
  children [
    DEF ASSEMBLY Group {
      children [
        DEF __3 Transform {
          translation 0 0 0.0001
          children [
            DEF Body Group {
              children [
                DEF Body_1 Shape {
                  appearance DEF __6 Appearance {
                    material DEF __7 Material {
                      ambientIntensity 0.66666662693
                      diffuseColor 0.300000011921 0.300000011921 0.300000011921
                      shininess 0
                    }
                  }
                  geometry DEF __8 IndexedFaceSet {
                    solid FALSE
                    coord Coordinate {
                      point [
                        0.0003 -0.01468 0,
                        0.0003 -0.01468 0.00421,
                        0.0104 -0.01468 0.00421,
                        0.0104 -0.01468 0,
                        0.0104 0.00152 0.00421,
                        0.0104 0.00152 0,
                        0.0003 0.00152 0.00421,
                        0.0003 0.00152 0

                      ]
                    }
                    normal Normal {
                      vector [
                        -0 -1 -0,
                        -0 -1 -0,
                        -0 -1 -0,
                        -0 -1 -0,
                        1 -0 -0,
                        1 -0 -0,
                        1 -0 -0,
                        1 -0 -0,
                        -0 1 -0,
                        -0 1 -0,
                        -0 1 -0,
                        -0 1 -0,
                        -1 -0 0,
                        -1 -0 0,
                        -1 -0 0,
                        -1 -0 0,
                        2.9771243e-34 -0 -1,
                        2.9771243e-34 -0 -1,
                        2.9771243e-34 -0 -1,
                        2.9771243e-34 -0 -1,
                        -2.9771243e-34 0 1,
                        -2.9771243e-34 0 1,
                        -2.9771243e-34 0 1,
                        -2.9771243e-34 0 1

                      ]
                    }
                    coordIndex [
                      2 1 0 -1 
                      3 2 0 -1 
                      4 2 3 -1 
                      5 4 3 -1 
                      6 4 5 -1 
                      7 6 5 -1 
                      1 6 7 -1 
                      0 1 7 -1 
                      5 3 0 -1 
                      7 5 0 -1 
                      4 1 2 -1 
                      6 1 4 -1 
                    ]
                    normalIndex [
                      2 1 0 -1 
                      3 2 0 -1 
                      6 5 4 -1 
                      7 6 4 -1 
                      10 9 8 -1 
                      11 10 8 -1 
                      14 13 12 -1 
                      15 14 12 -1 
                      18 17 16 -1 
                      19 18 16 -1 
                      22 20 21 -1 
                      23 20 22 -1 
                    ]
                  }
                }
              ]
            }
          ]
        }
        DEF Leads Group {
          children [
            DEF Leads_1 Shape {
              appearance DEF __11 Appearance {
                material DEF __12 Material {
                  ambientIntensity 0.260947436094
                  diffuseColor 0.73400002718 0.773000001907 0.79699999094
                  shininess 0
                }
              }
              geometry DEF __13 IndexedFaceSet {
                solid FALSE
                coord Coordinate {
                  point [
                    0.00025 -6.12323399574e-20 0.0001,
                    0.00025 -6.12323399574e-20 -0.005,
                    0.000246201938253 4.34120444167e-05 0.0001,
                    0.000234923155196 8.55050358314e-05 0.0001,
                    0.000216506350946 0.000125 0.0001,
                    0.00019151111078 0.000160696902422 0.0001,
                    0.000160696902422 0.00019151111078 0.0001,
                    0.000125 0.000216506350946 0.0001,
                    8.55050358314e-05 0.000234923155196 0.0001,
                    4.34120444167e-05 0.000246201938253 0.0001,
                    1.53080849893e-20 0.00025 0.0001,
                    -4.34120444167e-05 0.000246201938253 0.0001,
                    -8.55050358314e-05 0.000234923155196 0.0001,
                    -0.000125 0.000216506350946 0.0001,
                    -0.000160696902422 0.00019151111078 0.0001,
                    -0.00019151111078 0.000160696902422 0.0001,
                    -0.000216506350946 0.000125 0.0001,
                    -0.000234923155196 8.55050358314e-05 0.0001,
                    -0.000246201938253 4.34120444167e-05 0.0001,
                    -0.00025 3.06161699787e-20 0.0001,
                    -0.000246201938253 -4.34120444167e-05 0.0001,
                    -0.000234923155196 -8.55050358314e-05 0.0001,
                    -0.000216506350946 -0.000125 0.0001,
                    -0.00019151111078 -0.000160696902422 0.0001,
                    -0.000160696902422 -0.00019151111078 0.0001,
                    -0.000125 -0.000216506350946 0.0001,
                    -8.55050358314e-05 -0.000234923155196 0.0001,
                    -4.34120444167e-05 -0.000246201938253 0.0001,
                    -4.5924254968e-20 -0.00025 0.0001,
                    4.34120444167e-05 -0.000246201938253 0.0001,
                    8.55050358314e-05 -0.000234923155196 0.0001,
                    0.000125 -0.000216506350946 0.0001,
                    0.000160696902422 -0.00019151111078 0.0001,
                    0.00019151111078 -0.000160696902422 0.0001,
                    0.000216506350946 -0.000125 0.0001,
                    0.000234923155196 -8.55050358314e-05 0.0001,
                    0.000246201938253 -4.34120444167e-05 0.0001,
                    0.000246201938253 4.34120444167e-05 -0.005,
                    0.000234923155196 8.55050358314e-05 -0.005,
                    0.000216506350946 0.000125 -0.005,
                    0.00019151111078 0.000160696902422 -0.005,
                    0.000160696902422 0.00019151111078 -0.005,
                    0.000125 0.000216506350946 -0.005,
                    8.55050358314e-05 0.000234923155196 -0.005,
                    4.34120444167e-05 0.000246201938253 -0.005,
                    1.53080849893e-20 0.00025 -0.005,
                    -4.34120444167e-05 0.000246201938253 -0.005,
                    -8.55050358314e-05 0.000234923155196 -0.005,
                    -0.000125 0.000216506350946 -0.005,
                    -0.000160696902422 0.00019151111078 -0.005,
                    -0.00019151111078 0.000160696902422 -0.005,
                    -0.000216506350946 0.000125 -0.005,
                    -0.000234923155196 8.55050358314e-05 -0.005,
                    -0.000246201938253 4.34120444167e-05 -0.005,
                    -0.00025 3.06161699787e-20 -0.005,
                    -0.000246201938253 -4.34120444167e-05 -0.005,
                    -0.000234923155196 -8.55050358314e-05 -0.005,
                    -0.000216506350946 -0.000125 -0.005,
                    -0.00019151111078 -0.000160696902422 -0.005,
                    -0.000160696902422 -0.00019151111078 -0.005,
                    -0.000125 -0.000216506350946 -0.005,
                    -8.55050358314e-05 -0.000234923155196 -0.005,
                    -4.34120444167e-05 -0.000246201938253 -0.005,
                    -4.5924254968e-20 -0.00025 -0.005,
                    4.34120444167e-05 -0.000246201938253 -0.005,
                    8.55050358314e-05 -0.000234923155196 -0.005,
                    0.000125 -0.000216506350946 -0.005,
                    0.000160696902422 -0.00019151111078 -0.005,
                    0.00019151111078 -0.000160696902422 -0.005,
                    0.000216506350946 -0.000125 -0.005,
                    0.000234923155196 -8.55050358314e-05 -0.005,
                    0.000246201938253 -4.34120444167e-05 -0.005

                  ]
                }
                normal Normal {
                  vector [
                    1 -2.4492937e-16 0,
                    0.98480773 -0.17364818 0,
                    0.93969262 -0.34202015 0,
                    0.86602539 -0.5 0,
                    0.76604444 -0.64278764 0,
                    0.64278764 -0.76604444 0,
                    0.5 -0.86602539 0,
                    0.34202015 -0.93969262 0,
                    0.17364818 -0.98480773 0,
                    -1.8369701e-16 -1 0,
                    -0.17364818 -0.98480773 0,
                    -0.34202015 -0.93969262 0,
                    -0.5 -0.86602539 0,
                    -0.64278764 -0.76604444 0,
                    -0.76604444 -0.64278764 0,
                    -0.86602539 -0.5 0,
                    -0.93969262 -0.34202015 0,
                    -0.98480773 -0.17364818 0,
                    -1 1.2246469e-16 0,
                    -0.98480773 0.17364818 0,
                    -0.93969262 0.34202015 0,
                    -0.86602539 0.5 0,
                    -0.76604444 0.64278764 0,
                    -0.64278764 0.76604444 0,
                    -0.5 0.86602539 0,
                    -0.34202015 0.93969262 0,
                    -0.17364818 0.98480773 0,
                    6.1232343e-17 1 0,
                    0.17364818 0.98480773 0,
                    0.34202015 0.93969262 0,
                    0.5 0.86602539 0,
                    0.64278764 0.76604444 0,
                    0.76604444 0.64278764 0,
                    0.86602539 0.5 0,
                    0.93969262 0.34202015 0,
                    0.98480773 0.17364818 0,
                    1 0 0,
                    1 0 0,
                    0.98480773 0.17364818 0,
                    0.93969262 0.34202015 0,
                    0.86602539 0.5 0,
                    0.76604444 0.64278764 0,
                    0.64278764 0.76604444 0,
                    0.5 0.86602539 0,
                    0.34202015 0.93969262 0,
                    0.17364818 0.98480773 0,
                    6.1232343e-17 1 0,
                    -0.17364818 0.98480773 0,
                    -0.34202015 0.93969262 0,
                    -0.5 0.86602539 0,
                    -0.64278764 0.76604444 0,
                    -0.76604444 0.64278764 0,
                    -0.86602539 0.5 0,
                    -0.93969262 0.34202015 0,
                    -0.98480773 0.17364818 0,
                    -1 1.2246469e-16 0,
                    -0.98480773 -0.17364818 0,
                    -0.93969262 -0.34202015 0,
                    -0.86602539 -0.5 0,
                    -0.76604444 -0.64278764 0,
                    -0.64278764 -0.76604444 0,
                    -0.5 -0.86602539 0,
                    -0.34202015 -0.93969262 0,
                    -0.17364818 -0.98480773 0,
                    -1.8369701e-16 -1 0,
                    0.17364818 -0.98480773 0,
                    0.34202015 -0.93969262 0,
                    0.5 -0.86602539 0,
                    0.64278764 -0.76604444 0,
                    0.76604444 -0.64278764 0,
                    0.86602539 -0.5 0,
                    0.93969262 -0.34202015 0,
                    0.98480773 -0.17364818 0,
                    1 -2.4492937e-16 0,
                    0 0 1,
                    0 0 1,
                    0 0 1,
                    0 0 1,
                    0 0 1,
                    0 0 1,
                    0 0 1,
                    0 0 1,
                    0 0 1,
                    0 0 1,
                    0 0 1,
                    0 0 1,
                    0 0 1,
                    0 0 1,
                    0 0 1,
                    0 0 1,
                    0 0 1,
                    0 0 1,
                    0 0 1,
                    0 0 1,
                    0 0 1,
                    0 0 1,
                    0 0 1,
                    0 0 1,
                    0 0 1,
                    0 0 1,
                    0 0 1,
                    0 0 1,
                    0 0 1,
                    0 0 1,
                    0 0 1,
                    0 0 1,
                    0 0 1,
                    0 0 1,
                    0 0 1,
                    0 0 1,
                    -0 -0 -1,
                    -0 -0 -1,
                    -0 -0 -1,
                    -0 -0 -1,
                    -0 -0 -1,
                    -0 -0 -1,
                    -0 -0 -1,
                    -0 -0 -1,
                    -0 -0 -1,
                    -0 -0 -1,
                    -0 -0 -1,
                    -0 -0 -1,
                    -0 -0 -1,
                    -0 -0 -1,
                    -0 -0 -1,
                    -0 -0 -1,
                    -0 -0 -1,
                    -0 -0 -1,
                    -0 -0 -1,
                    -0 -0 -1,
                    -0 -0 -1,
                    -0 -0 -1,
                    -0 -0 -1,
                    -0 -0 -1,
                    -0 -0 -1,
                    -0 -0 -1,
                    -0 -0 -1,
                    -0 -0 -1,
                    -0 -0 -1,
                    -0 -0 -1,
                    -0 -0 -1,
                    -0 -0 -1,
                    -0 -0 -1,
                    -0 -0 -1,
                    -0 -0 -1,
                    -0 -0 -1

                  ]
                }
                coordIndex [
                  71 0 36 -1 
                  70 36 35 -1 
                  69 35 34 -1 
                  68 34 33 -1 
                  67 33 32 -1 
                  29 64 30 -1 
                  28 63 29 -1 
                  27 62 28 -1 
                  26 61 27 -1 
                  25 60 26 -1 
                  24 59 25 -1 
                  23 58 24 -1 
                  22 57 23 -1 
                  21 56 22 -1 
                  20 55 21 -1 
                  19 54 20 -1 
                  18 53 19 -1 
                  17 52 18 -1 
                  16 51 17 -1 
                  15 50 16 -1 
                  14 49 15 -1 
                  13 48 14 -1 
                  12 47 13 -1 
                  11 46 12 -1 
                  10 45 11 -1 
                  9 44 10 -1 
                  8 43 9 -1 
                  7 42 8 -1 
                  6 41 7 -1 
                  5 40 6 -1 
                  4 39 5 -1 
                  3 38 4 -1 
                  2 37 3 -1 
                  0 1 2 -1 
                  66 32 31 -1 
                  65 31 30 -1 
                  37 2 1 -1 
                  38 3 37 -1 
                  39 4 38 -1 
                  40 5 39 -1 
                  41 6 40 -1 
                  42 7 41 -1 
                  43 8 42 -1 
                  44 9 43 -1 
                  45 10 44 -1 
                  46 11 45 -1 
                  47 12 46 -1 
                  48 13 47 -1 
                  49 14 48 -1 
                  50 15 49 -1 
                  51 16 50 -1 
                  52 17 51 -1 
                  53 18 52 -1 
                  54 19 53 -1 
                  55 20 54 -1 
                  56 21 55 -1 
                  57 22 56 -1 
                  58 23 57 -1 
                  59 24 58 -1 
                  60 25 59 -1 
                  61 26 60 -1 
                  62 27 61 -1 
                  63 28 62 -1 
                  64 29 63 -1 
                  65 30 64 -1 
                  66 31 65 -1 
                  67 32 66 -1 
                  68 33 67 -1 
                  69 34 68 -1 
                  70 35 69 -1 
                  71 36 70 -1 
                  1 0 71 -1 
                  3 0 2 -1 
                  4 0 3 -1 
                  5 0 4 -1 
                  6 0 5 -1 
                  7 0 6 -1 
                  8 0 7 -1 
                  9 0 8 -1 
                  10 0 9 -1 
                  11 0 10 -1 
                  12 0 11 -1 
                  13 0 12 -1 
                  14 0 13 -1 
                  15 0 14 -1 
                  16 0 15 -1 
                  17 0 16 -1 
                  18 0 17 -1 
                  19 0 18 -1 
                  20 0 19 -1 
                  21 0 20 -1 
                  22 0 21 -1 
                  23 0 22 -1 
                  24 0 23 -1 
                  25 0 24 -1 
                  26 0 25 -1 
                  27 0 26 -1 
                  28 0 27 -1 
                  29 0 28 -1 
                  30 0 29 -1 
                  31 0 30 -1 
                  32 0 31 -1 
                  33 0 32 -1 
                  34 0 33 -1 
                  35 0 34 -1 
                  36 0 35 -1 
                  38 37 1 -1 
                  39 38 1 -1 
                  40 39 1 -1 
                  41 40 1 -1 
                  42 41 1 -1 
                  43 42 1 -1 
                  44 43 1 -1 
                  45 44 1 -1 
                  46 45 1 -1 
                  47 46 1 -1 
                  48 47 1 -1 
                  49 48 1 -1 
                  50 49 1 -1 
                  51 50 1 -1 
                  52 51 1 -1 
                  53 52 1 -1 
                  54 53 1 -1 
                  55 54 1 -1 
                  56 55 1 -1 
                  57 56 1 -1 
                  58 57 1 -1 
                  59 58 1 -1 
                  60 59 1 -1 
                  61 60 1 -1 
                  62 61 1 -1 
                  63 62 1 -1 
                  64 63 1 -1 
                  65 64 1 -1 
                  66 65 1 -1 
                  67 66 1 -1 
                  68 67 1 -1 
                  69 68 1 -1 
                  70 69 1 -1 
                  71 70 1 -1 
                ]
                normalIndex [
                  72 0 1 -1 
                  71 1 2 -1 
                  70 2 3 -1 
                  69 3 4 -1 
                  68 4 5 -1 
                  8 65 7 -1 
                  9 64 8 -1 
                  10 63 9 -1 
                  11 62 10 -1 
                  12 61 11 -1 
                  13 60 12 -1 
                  14 59 13 -1 
                  15 58 14 -1 
                  16 57 15 -1 
                  17 56 16 -1 
                  18 55 17 -1 
                  19 54 18 -1 
                  20 53 19 -1 
                  21 52 20 -1 
                  22 51 21 -1 
                  23 50 22 -1 
                  24 49 23 -1 
                  25 48 24 -1 
                  26 47 25 -1 
                  27 46 26 -1 
                  28 45 27 -1 
                  29 44 28 -1 
                  30 43 29 -1 
                  31 42 30 -1 
                  32 41 31 -1 
                  33 40 32 -1 
                  34 39 33 -1 
                  35 38 34 -1 
                  36 37 35 -1 
                  67 5 6 -1 
                  66 6 7 -1 
                  38 35 37 -1 
                  39 34 38 -1 
                  40 33 39 -1 
                  41 32 40 -1 
                  42 31 41 -1 
                  43 30 42 -1 
                  44 29 43 -1 
                  45 28 44 -1 
                  46 27 45 -1 
                  47 26 46 -1 
                  48 25 47 -1 
                  49 24 48 -1 
                  50 23 49 -1 
                  51 22 50 -1 
                  52 21 51 -1 
                  53 20 52 -1 
                  54 19 53 -1 
                  55 18 54 -1 
                  56 17 55 -1 
                  57 16 56 -1 
                  58 15 57 -1 
                  59 14 58 -1 
                  60 13 59 -1 
                  61 12 60 -1 
                  62 11 61 -1 
                  63 10 62 -1 
                  64 9 63 -1 
                  65 8 64 -1 
                  66 7 65 -1 
                  67 6 66 -1 
                  68 5 67 -1 
                  69 4 68 -1 
                  70 3 69 -1 
                  71 2 70 -1 
                  72 1 71 -1 
                  73 0 72 -1 
                  76 74 75 -1 
                  77 74 76 -1 
                  78 74 77 -1 
                  79 74 78 -1 
                  80 74 79 -1 
                  81 74 80 -1 
                  82 74 81 -1 
                  83 74 82 -1 
                  84 74 83 -1 
                  85 74 84 -1 
                  86 74 85 -1 
                  87 74 86 -1 
                  88 74 87 -1 
                  89 74 88 -1 
                  90 74 89 -1 
                  91 74 90 -1 
                  92 74 91 -1 
                  93 74 92 -1 
                  94 74 93 -1 
                  95 74 94 -1 
                  96 74 95 -1 
                  97 74 96 -1 
                  98 74 97 -1 
                  99 74 98 -1 
                  100 74 99 -1 
                  101 74 100 -1 
                  102 74 101 -1 
                  103 74 102 -1 
                  104 74 103 -1 
                  105 74 104 -1 
                  106 74 105 -1 
                  107 74 106 -1 
                  108 74 107 -1 
                  109 74 108 -1 
                  112 111 110 -1 
                  113 112 110 -1 
                  114 113 110 -1 
                  115 114 110 -1 
                  116 115 110 -1 
                  117 116 110 -1 
                  118 117 110 -1 
                  119 118 110 -1 
                  120 119 110 -1 
                  121 120 110 -1 
                  122 121 110 -1 
                  123 122 110 -1 
                  124 123 110 -1 
                  125 124 110 -1 
                  126 125 110 -1 
                  127 126 110 -1 
                  128 127 110 -1 
                  129 128 110 -1 
                  130 129 110 -1 
                  131 130 110 -1 
                  132 131 110 -1 
                  133 132 110 -1 
                  134 133 110 -1 
                  135 134 110 -1 
                  136 135 110 -1 
                  137 136 110 -1 
                  138 137 110 -1 
                  139 138 110 -1 
                  140 139 110 -1 
                  141 140 110 -1 
                  142 141 110 -1 
                  143 142 110 -1 
                  144 143 110 -1 
                  145 144 110 -1 
                ]
              }
            }
            DEF Leads_2 Shape {
              appearance DEF __15 Appearance {
                material DEF __16 Material {
                  ambientIntensity 0.260947436094
                  diffuseColor 0.73400002718 0.773000001907 0.79699999094
                  shininess 0
                }
              }
              geometry DEF __17 IndexedFaceSet {
                solid FALSE
                coord Coordinate {
                  point [
                    0.00025 -0.00178 0.0001,
                    0.00025 -0.00178 -0.005,
                    0.000246201938253 -0.00173658795558 0.0001,
                    0.000234923155196 -0.00169449496417 0.0001,
                    0.000216506350946 -0.001655 0.0001,
                    0.00019151111078 -0.00161930309758 0.0001,
                    0.000160696902422 -0.00158848888922 0.0001,
                    0.000125 -0.00156349364905 0.0001,
                    8.55050358314e-05 -0.0015450768448 0.0001,
                    4.34120444167e-05 -0.00153379806175 0.0001,
                    1.53080849893e-20 -0.00153 0.0001,
                    -4.34120444167e-05 -0.00153379806175 0.0001,
                    -8.55050358314e-05 -0.0015450768448 0.0001,
                    -0.000125 -0.00156349364905 0.0001,
                    -0.000160696902422 -0.00158848888922 0.0001,
                    -0.00019151111078 -0.00161930309758 0.0001,
                    -0.000216506350946 -0.001655 0.0001,
                    -0.000234923155196 -0.00169449496417 0.0001,
                    -0.000246201938253 -0.00173658795558 0.0001,
                    -0.00025 -0.00178 0.0001,
                    -0.000246201938253 -0.00182341204442 0.0001,
                    -0.000234923155196 -0.00186550503583 0.0001,
                    -0.000216506350946 -0.001905 0.0001,
                    -0.00019151111078 -0.00194069690242 0.0001,
                    -0.000160696902422 -0.00197151111078 0.0001,
                    -0.000125 -0.00199650635095 0.0001,
                    -8.55050358314e-05 -0.0020149231552 0.0001,
                    -4.34120444167e-05 -0.00202620193825 0.0001,
                    -4.5924254968e-20 -0.00203 0.0001,
                    4.34120444167e-05 -0.00202620193825 0.0001,
                    8.55050358314e-05 -0.0020149231552 0.0001,
                    0.000125 -0.00199650635095 0.0001,
                    0.000160696902422 -0.00197151111078 0.0001,
                    0.00019151111078 -0.00194069690242 0.0001,
                    0.000216506350946 -0.001905 0.0001,
                    0.000234923155196 -0.00186550503583 0.0001,
                    0.000246201938253 -0.00182341204442 0.0001,
                    0.000246201938253 -0.00173658795558 -0.005,
                    0.000234923155196 -0.00169449496417 -0.005,
                    0.000216506350946 -0.001655 -0.005,
                    0.00019151111078 -0.00161930309758 -0.005,
                    0.000160696902422 -0.00158848888922 -0.005,
                    0.000125 -0.00156349364905 -0.005,
                    8.55050358314e-05 -0.0015450768448 -0.005,
                    4.34120444167e-05 -0.00153379806175 -0.005,
                    1.53080849893e-20 -0.00153 -0.005,
                    -4.34120444167e-05 -0.00153379806175 -0.005,
                    -8.55050358314e-05 -0.0015450768448 -0.005,
                    -0.000125 -0.00156349364905 -0.005,
                    -0.000160696902422 -0.00158848888922 -0.005,
                    -0.00019151111078 -0.00161930309758 -0.005,
                    -0.000216506350946 -0.001655 -0.005,
                    -0.000234923155196 -0.00169449496417 -0.005,
                    -0.000246201938253 -0.00173658795558 -0.005,
                    -0.00025 -0.00178 -0.005,
                    -0.000246201938253 -0.00182341204442 -0.005,
                    -0.000234923155196 -0.00186550503583 -0.005,
                    -0.000216506350946 -0.001905 -0.005,
                    -0.00019151111078 -0.00194069690242 -0.005,
                    -0.000160696902422 -0.00197151111078 -0.005,
                    -0.000125 -0.00199650635095 -0.005,
                    -8.55050358314e-05 -0.0020149231552 -0.005,
                    -4.34120444167e-05 -0.00202620193825 -0.005,
                    -4.5924254968e-20 -0.00203 -0.005,
                    4.34120444167e-05 -0.00202620193825 -0.005,
                    8.55050358314e-05 -0.0020149231552 -0.005,
                    0.000125 -0.00199650635095 -0.005,
                    0.000160696902422 -0.00197151111078 -0.005,
                    0.00019151111078 -0.00194069690242 -0.005,
                    0.000216506350946 -0.001905 -0.005,
                    0.000234923155196 -0.00186550503583 -0.005,
                    0.000246201938253 -0.00182341204442 -0.005

                  ]
                }
                normal Normal {
                  vector [
                    1 -2.220446e-16 0,
                    0.98480773 -0.17364818 0,
                    0.93969262 -0.34202015 0,
                    0.86602539 -0.5 0,
                    0.76604444 -0.64278764 0,
                    0.64278764 -0.76604444 0,
                    0.5 -0.86602539 0,
                    0.34202015 -0.93969262 0,
                    0.17364818 -0.98480773 0,
                    -1.8369701e-16 -1 0,
                    -0.17364818 -0.98480773 0,
                    -0.34202015 -0.93969262 0,
                    -0.5 -0.86602539 0,
                    -0.64278764 -0.76604444 0,
                    -0.76604444 -0.64278764 0,
                    -0.86602539 -0.5 0,
                    -0.93969262 -0.34202015 0,
                    -0.98480773 -0.17364818 0,
                    -1 2.220446e-16 0,
                    -0.98480773 0.17364818 0,
                    -0.93969262 0.34202015 0,
                    -0.86602539 0.5 0,
                    -0.76604444 0.64278764 0,
                    -0.64278764 0.76604444 0,
                    -0.5 0.86602539 0,
                    -0.34202015 0.93969262 0,
                    -0.17364818 0.98480773 0,
                    6.1232343e-17 1 0,
                    0.17364818 0.98480773 0,
                    0.34202015 0.93969262 0,
                    0.5 0.86602539 0,
                    0.64278764 0.76604444 0,
                    0.76604444 0.64278764 0,
                    0.86602539 0.5 0,
                    0.93969262 0.34202015 0,
                    0.98480773 0.17364818 0,
                    1 0 0,
                    1 0 0,
                    0.98480773 0.17364818 0,
                    0.93969262 0.34202015 0,
                    0.86602539 0.5 0,
                    0.76604444 0.64278764 0,
                    0.64278764 0.76604444 0,
                    0.5 0.86602539 0,
                    0.34202015 0.93969262 0,
                    0.17364818 0.98480773 0,
                    6.1232343e-17 1 0,
                    -0.17364818 0.98480773 0,
                    -0.34202015 0.93969262 0,
                    -0.5 0.86602539 0,
                    -0.64278764 0.76604444 0,
                    -0.76604444 0.64278764 0,
                    -0.86602539 0.5 0,
                    -0.93969262 0.34202015 0,
                    -0.98480773 0.17364818 0,
                    -1 2.220446e-16 0,
                    -0.98480773 -0.17364818 0,
                    -0.93969262 -0.34202015 0,
                    -0.86602539 -0.5 0,
                    -0.76604444 -0.64278764 0,
                    -0.64278764 -0.76604444 0,
                    -0.5 -0.86602539 0,
                    -0.34202015 -0.93969262 0,
                    -0.17364818 -0.98480773 0,
                    -1.8369701e-16 -1 0,
                    0.17364818 -0.98480773 0,
                    0.34202015 -0.93969262 0,
                    0.5 -0.86602539 0,
                    0.64278764 -0.76604444 0,
                    0.76604444 -0.64278764 0,
                    0.86602539 -0.5 0,
                    0.93969262 -0.34202015 0,
                    0.98480773 -0.17364818 0,
                    1 -2.220446e-16 0,
                    0 0 1,
                    0 0 1,
                    0 0 1,
                    0 0 1,
                    0 0 1,
                    0 0 1,
                    0 0 1,
                    0 0 1,
                    0 0 1,
                    0 0 1,
                    0 0 1,
                    0 0 1,
                    0 0 1,
                    0 0 1,
                    0 0 1,
                    0 0 1,
                    0 0 1,
                    0 0 1,
                    0 0 1,
                    0 0 1,
                    0 0 1,
                    0 0 1,
                    0 0 1,
                    0 0 1,
                    0 0 1,
                    0 0 1,
                    0 0 1,
                    0 0 1,
                    0 0 1,
                    0 0 1,
                    0 0 1,
                    0 0 1,
                    0 0 1,
                    0 0 1,
                    0 0 1,
                    0 0 1,
                    -0 -0 -1,
                    -0 -0 -1,
                    -0 -0 -1,
                    -0 -0 -1,
                    -0 -0 -1,
                    -0 -0 -1,
                    -0 -0 -1,
                    -0 -0 -1,
                    -0 -0 -1,
                    -0 -0 -1,
                    -0 -0 -1,
                    -0 -0 -1,
                    -0 -0 -1,
                    -0 -0 -1,
                    -0 -0 -1,
                    -0 -0 -1,
                    -0 -0 -1,
                    -0 -0 -1,
                    -0 -0 -1,
                    -0 -0 -1,
                    -0 -0 -1,
                    -0 -0 -1,
                    -0 -0 -1,
                    -0 -0 -1,
                    -0 -0 -1,
                    -0 -0 -1,
                    -0 -0 -1,
                    -0 -0 -1,
                    -0 -0 -1,
                    -0 -0 -1,
                    -0 -0 -1,
                    -0 -0 -1,
                    -0 -0 -1,
                    -0 -0 -1,
                    -0 -0 -1,
                    -0 -0 -1

                  ]
                }
                coordIndex [
                  71 0 36 -1 
                  70 36 35 -1 
                  69 35 34 -1 
                  68 34 33 -1 
                  67 33 32 -1 
                  29 64 30 -1 
                  28 63 29 -1 
                  27 62 28 -1 
                  26 61 27 -1 
                  25 60 26 -1 
                  24 59 25 -1 
                  23 58 24 -1 
                  22 57 23 -1 
                  21 56 22 -1 
                  20 55 21 -1 
                  19 54 20 -1 
                  18 53 19 -1 
                  17 52 18 -1 
                  16 51 17 -1 
                  15 50 16 -1 
                  14 49 15 -1 
                  13 48 14 -1 
                  12 47 13 -1 
                  11 46 12 -1 
                  10 45 11 -1 
                  9 44 10 -1 
                  8 43 9 -1 
                  7 42 8 -1 
                  6 41 7 -1 
                  5 40 6 -1 
                  4 39 5 -1 
                  3 38 4 -1 
                  2 37 3 -1 
                  0 1 2 -1 
                  66 32 31 -1 
                  65 31 30 -1 
                  37 2 1 -1 
                  38 3 37 -1 
                  39 4 38 -1 
                  40 5 39 -1 
                  41 6 40 -1 
                  42 7 41 -1 
                  43 8 42 -1 
                  44 9 43 -1 
                  45 10 44 -1 
                  46 11 45 -1 
                  47 12 46 -1 
                  48 13 47 -1 
                  49 14 48 -1 
                  50 15 49 -1 
                  51 16 50 -1 
                  52 17 51 -1 
                  53 18 52 -1 
                  54 19 53 -1 
                  55 20 54 -1 
                  56 21 55 -1 
                  57 22 56 -1 
                  58 23 57 -1 
                  59 24 58 -1 
                  60 25 59 -1 
                  61 26 60 -1 
                  62 27 61 -1 
                  63 28 62 -1 
                  64 29 63 -1 
                  65 30 64 -1 
                  66 31 65 -1 
                  67 32 66 -1 
                  68 33 67 -1 
                  69 34 68 -1 
                  70 35 69 -1 
                  71 36 70 -1 
                  1 0 71 -1 
                  3 0 2 -1 
                  4 0 3 -1 
                  5 0 4 -1 
                  6 0 5 -1 
                  7 0 6 -1 
                  8 0 7 -1 
                  9 0 8 -1 
                  10 0 9 -1 
                  11 0 10 -1 
                  12 0 11 -1 
                  13 0 12 -1 
                  14 0 13 -1 
                  15 0 14 -1 
                  16 0 15 -1 
                  17 0 16 -1 
                  18 0 17 -1 
                  19 0 18 -1 
                  20 0 19 -1 
                  21 0 20 -1 
                  22 0 21 -1 
                  23 0 22 -1 
                  24 0 23 -1 
                  25 0 24 -1 
                  26 0 25 -1 
                  27 0 26 -1 
                  28 0 27 -1 
                  29 0 28 -1 
                  30 0 29 -1 
                  31 0 30 -1 
                  32 0 31 -1 
                  33 0 32 -1 
                  34 0 33 -1 
                  35 0 34 -1 
                  36 0 35 -1 
                  38 37 1 -1 
                  39 38 1 -1 
                  40 39 1 -1 
                  41 40 1 -1 
                  42 41 1 -1 
                  43 42 1 -1 
                  44 43 1 -1 
                  45 44 1 -1 
                  46 45 1 -1 
                  47 46 1 -1 
                  48 47 1 -1 
                  49 48 1 -1 
                  50 49 1 -1 
                  51 50 1 -1 
                  52 51 1 -1 
                  53 52 1 -1 
                  54 53 1 -1 
                  55 54 1 -1 
                  56 55 1 -1 
                  57 56 1 -1 
                  58 57 1 -1 
                  59 58 1 -1 
                  60 59 1 -1 
                  61 60 1 -1 
                  62 61 1 -1 
                  63 62 1 -1 
                  64 63 1 -1 
                  65 64 1 -1 
                  66 65 1 -1 
                  67 66 1 -1 
                  68 67 1 -1 
                  69 68 1 -1 
                  70 69 1 -1 
                  71 70 1 -1 
                ]
                normalIndex [
                  72 0 1 -1 
                  71 1 2 -1 
                  70 2 3 -1 
                  69 3 4 -1 
                  68 4 5 -1 
                  8 65 7 -1 
                  9 64 8 -1 
                  10 63 9 -1 
                  11 62 10 -1 
                  12 61 11 -1 
                  13 60 12 -1 
                  14 59 13 -1 
                  15 58 14 -1 
                  16 57 15 -1 
                  17 56 16 -1 
                  18 55 17 -1 
                  19 54 18 -1 
                  20 53 19 -1 
                  21 52 20 -1 
                  22 51 21 -1 
                  23 50 22 -1 
                  24 49 23 -1 
                  25 48 24 -1 
                  26 47 25 -1 
                  27 46 26 -1 
                  28 45 27 -1 
                  29 44 28 -1 
                  30 43 29 -1 
                  31 42 30 -1 
                  32 41 31 -1 
                  33 40 32 -1 
                  34 39 33 -1 
                  35 38 34 -1 
                  36 37 35 -1 
                  67 5 6 -1 
                  66 6 7 -1 
                  38 35 37 -1 
                  39 34 38 -1 
                  40 33 39 -1 
                  41 32 40 -1 
                  42 31 41 -1 
                  43 30 42 -1 
                  44 29 43 -1 
                  45 28 44 -1 
                  46 27 45 -1 
                  47 26 46 -1 
                  48 25 47 -1 
                  49 24 48 -1 
                  50 23 49 -1 
                  51 22 50 -1 
                  52 21 51 -1 
                  53 20 52 -1 
                  54 19 53 -1 
                  55 18 54 -1 
                  56 17 55 -1 
                  57 16 56 -1 
                  58 15 57 -1 
                  59 14 58 -1 
                  60 13 59 -1 
                  61 12 60 -1 
                  62 11 61 -1 
                  63 10 62 -1 
                  64 9 63 -1 
                  65 8 64 -1 
                  66 7 65 -1 
                  67 6 66 -1 
                  68 5 67 -1 
                  69 4 68 -1 
                  70 3 69 -1 
                  71 2 70 -1 
                  72 1 71 -1 
                  73 0 72 -1 
                  76 74 75 -1 
                  77 74 76 -1 
                  78 74 77 -1 
                  79 74 78 -1 
                  80 74 79 -1 
                  81 74 80 -1 
                  82 74 81 -1 
                  83 74 82 -1 
                  84 74 83 -1 
                  85 74 84 -1 
                  86 74 85 -1 
                  87 74 86 -1 
                  88 74 87 -1 
                  89 74 88 -1 
                  90 74 89 -1 
                  91 74 90 -1 
                  92 74 91 -1 
                  93 74 92 -1 
                  94 74 93 -1 
                  95 74 94 -1 
                  96 74 95 -1 
                  97 74 96 -1 
                  98 74 97 -1 
                  99 74 98 -1 
                  100 74 99 -1 
                  101 74 100 -1 
                  102 74 101 -1 
                  103 74 102 -1 
                  104 74 103 -1 
                  105 74 104 -1 
                  106 74 105 -1 
                  107 74 106 -1 
                  108 74 107 -1 
                  109 74 108 -1 
                  112 111 110 -1 
                  113 112 110 -1 
                  114 113 110 -1 
                  115 114 110 -1 
                  116 115 110 -1 
                  117 116 110 -1 
                  118 117 110 -1 
                  119 118 110 -1 
                  120 119 110 -1 
                  121 120 110 -1 
                  122 121 110 -1 
                  123 122 110 -1 
                  124 123 110 -1 
                  125 124 110 -1 
                  126 125 110 -1 
                  127 126 110 -1 
                  128 127 110 -1 
                  129 128 110 -1 
                  130 129 110 -1 
                  131 130 110 -1 
                  132 131 110 -1 
                  133 132 110 -1 
                  134 133 110 -1 
                  135 134 110 -1 
                  136 135 110 -1 
                  137 136 110 -1 
                  138 137 110 -1 
                  139 138 110 -1 
                  140 139 110 -1 
                  141 140 110 -1 
                  142 141 110 -1 
                  143 142 110 -1 
                  144 143 110 -1 
                  145 144 110 -1 
                ]
              }
            }
            DEF Leads_3 Shape {
              appearance DEF __19 Appearance {
                material DEF __20 Material {
                  ambientIntensity 0.260947436094
                  diffuseColor 0.73400002718 0.773000001907 0.79699999094
                  shininess 0
                }
              }
              geometry DEF __21 IndexedFaceSet {
                solid FALSE
                coord Coordinate {
                  point [
                    0.00025 -0.00356 0.0001,
                    0.00025 -0.00356 -0.005,
                    0.000246201938253 -0.00351658795558 0.0001,
                    0.000234923155196 -0.00347449496417 0.0001,
                    0.000216506350946 -0.003435 0.0001,
                    0.00019151111078 -0.00339930309758 0.0001,
                    0.000160696902422 -0.00336848888922 0.0001,
                    0.000125 -0.00334349364905 0.0001,
                    8.55050358314e-05 -0.0033250768448 0.0001,
                    4.34120444167e-05 -0.00331379806175 0.0001,
                    1.53080849893e-20 -0.00331 0.0001,
                    -4.34120444167e-05 -0.00331379806175 0.0001,
                    -8.55050358314e-05 -0.0033250768448 0.0001,
                    -0.000125 -0.00334349364905 0.0001,
                    -0.000160696902422 -0.00336848888922 0.0001,
                    -0.00019151111078 -0.00339930309758 0.0001,
                    -0.000216506350946 -0.003435 0.0001,
                    -0.000234923155196 -0.00347449496417 0.0001,
                    -0.000246201938253 -0.00351658795558 0.0001,
                    -0.00025 -0.00356 0.0001,
                    -0.000246201938253 -0.00360341204442 0.0001,
                    -0.000234923155196 -0.00364550503583 0.0001,
                    -0.000216506350946 -0.003685 0.0001,
                    -0.00019151111078 -0.00372069690242 0.0001,
                    -0.000160696902422 -0.00375151111078 0.0001,
                    -0.000125 -0.00377650635095 0.0001,
                    -8.55050358314e-05 -0.0037949231552 0.0001,
                    -4.34120444167e-05 -0.00380620193825 0.0001,
                    -4.5924254968e-20 -0.00381 0.0001,
                    4.34120444167e-05 -0.00380620193825 0.0001,
                    8.55050358314e-05 -0.0037949231552 0.0001,
                    0.000125 -0.00377650635095 0.0001,
                    0.000160696902422 -0.00375151111078 0.0001,
                    0.00019151111078 -0.00372069690242 0.0001,
                    0.000216506350946 -0.003685 0.0001,
                    0.000234923155196 -0.00364550503583 0.0001,
                    0.000246201938253 -0.00360341204442 0.0001,
                    0.000246201938253 -0.00351658795558 -0.005,
                    0.000234923155196 -0.00347449496417 -0.005,
                    0.000216506350946 -0.003435 -0.005,
                    0.00019151111078 -0.00339930309758 -0.005,
                    0.000160696902422 -0.00336848888922 -0.005,
                    0.000125 -0.00334349364905 -0.005,
                    8.55050358314e-05 -0.0033250768448 -0.005,
                    4.34120444167e-05 -0.00331379806175 -0.005,
                    1.53080849893e-20 -0.00331 -0.005,
                    -4.34120444167e-05 -0.00331379806175 -0.005,
                    -8.55050358314e-05 -0.0033250768448 -0.005,
                    -0.000125 -0.00334349364905 -0.005,
                    -0.000160696902422 -0.00336848888922 -0.005,
                    -0.00019151111078 -0.00339930309758 -0.005,
                    -0.000216506350946 -0.003435 -0.005,
                    -0.000234923155196 -0.00347449496417 -0.005,
                    -0.000246201938253 -0.00351658795558 -0.005,
                    -0.00025 -0.00356 -0.005,
                    -0.000246201938253 -0.00360341204442 -0.005,
                    -0.000234923155196 -0.00364550503583 -0.005,
                    -0.000216506350946 -0.003685 -0.005,
                    -0.00019151111078 -0.00372069690242 -0.005,
                    -0.000160696902422 -0.00375151111078 -0.005,
                    -0.000125 -0.00377650635095 -0.005,
                    -8.55050358314e-05 -0.0037949231552 -0.005,
                    -4.34120444167e-05 -0.00380620193825 -0.005,
                    -4.5924254968e-20 -0.00381 -0.005,
                    4.34120444167e-05 -0.00380620193825 -0.005,
                    8.55050358314e-05 -0.0037949231552 -0.005,
                    0.000125 -0.00377650635095 -0.005,
                    0.000160696902422 -0.00375151111078 -0.005,
                    0.00019151111078 -0.00372069690242 -0.005,
                    0.000216506350946 -0.003685 -0.005,
                    0.000234923155196 -0.00364550503583 -0.005,
                    0.000246201938253 -0.00360341204442 -0.005

                  ]
                }
                normal Normal {
                  vector [
                    1 -4.4408921e-16 0,
                    0.98480773 -0.17364818 0,
                    0.93969262 -0.34202015 0,
                    0.86602539 -0.5 0,
                    0.76604444 -0.64278764 0,
                    0.64278764 -0.76604444 0,
                    0.5 -0.86602539 0,
                    0.34202015 -0.93969262 0,
                    0.17364818 -0.98480773 0,
                    -1.8369701e-16 -1 0,
                    -0.17364818 -0.98480773 0,
                    -0.34202015 -0.93969262 0,
                    -0.5 -0.86602539 0,
                    -0.64278764 -0.76604444 0,
                    -0.76604444 -0.64278764 0,
                    -0.86602539 -0.5 0,
                    -0.93969262 -0.34202015 0,
                    -0.98480773 -0.17364818 0,
                    -1 0 0,
                    -0.98480773 0.17364818 0,
                    -0.93969262 0.34202015 0,
                    -0.86602539 0.5 0,
                    -0.76604444 0.64278764 0,
                    -0.64278764 0.76604444 0,
                    -0.5 0.86602539 0,
                    -0.34202015 0.93969262 0,
                    -0.17364818 0.98480773 0,
                    6.1232343e-17 1 0,
                    0.17364818 0.98480773 0,
                    0.34202015 0.93969262 0,
                    0.5 0.86602539 0,
                    0.64278764 0.76604444 0,
                    0.76604444 0.64278764 0,
                    0.86602539 0.5 0,
                    0.93969262 0.34202015 0,
                    0.98480773 0.17364818 0,
                    1 0 0,
                    1 0 0,
                    0.98480773 0.17364818 0,
                    0.93969262 0.34202015 0,
                    0.86602539 0.5 0,
                    0.76604444 0.64278764 0,
                    0.64278764 0.76604444 0,
                    0.5 0.86602539 0,
                    0.34202015 0.93969262 0,
                    0.17364818 0.98480773 0,
                    6.1232343e-17 1 0,
                    -0.17364818 0.98480773 0,
                    -0.34202015 0.93969262 0,
                    -0.5 0.86602539 0,
                    -0.64278764 0.76604444 0,
                    -0.76604444 0.64278764 0,
                    -0.86602539 0.5 0,
                    -0.93969262 0.34202015 0,
                    -0.98480773 0.17364818 0,
                    -1 0 0,
                    -0.98480773 -0.17364818 0,
                    -0.93969262 -0.34202015 0,
                    -0.86602539 -0.5 0,
                    -0.76604444 -0.64278764 0,
                    -0.64278764 -0.76604444 0,
                    -0.5 -0.86602539 0,
                    -0.34202015 -0.93969262 0,
                    -0.17364818 -0.98480773 0,
                    -1.8369701e-16 -1 0,
                    0.17364818 -0.98480773 0,
                    0.34202015 -0.93969262 0,
                    0.5 -0.86602539 0,
                    0.64278764 -0.76604444 0,
                    0.76604444 -0.64278764 0,
                    0.86602539 -0.5 0,
                    0.93969262 -0.34202015 0,
                    0.98480773 -0.17364818 0,
                    1 -4.4408921e-16 0,
                    0 0 1,
                    0 0 1,
                    0 0 1,
                    0 0 1,
                    0 0 1,
                    0 0 1,
                    0 0 1,
                    0 0 1,
                    0 0 1,
                    0 0 1,
                    0 0 1,
                    0 0 1,
                    0 0 1,
                    0 0 1,
                    0 0 1,
                    0 0 1,
                    0 0 1,
                    0 0 1,
                    0 0 1,
                    0 0 1,
                    0 0 1,
                    0 0 1,
                    0 0 1,
                    0 0 1,
                    0 0 1,
                    0 0 1,
                    0 0 1,
                    0 0 1,
                    0 0 1,
                    0 0 1,
                    0 0 1,
                    0 0 1,
                    0 0 1,
                    0 0 1,
                    0 0 1,
                    0 0 1,
                    -0 -0 -1,
                    -0 -0 -1,
                    -0 -0 -1,
                    -0 -0 -1,
                    -0 -0 -1,
                    -0 -0 -1,
                    -0 -0 -1,
                    -0 -0 -1,
                    -0 -0 -1,
                    -0 -0 -1,
                    -0 -0 -1,
                    -0 -0 -1,
                    -0 -0 -1,
                    -0 -0 -1,
                    -0 -0 -1,
                    -0 -0 -1,
                    -0 -0 -1,
                    -0 -0 -1,
                    -0 -0 -1,
                    -0 -0 -1,
                    -0 -0 -1,
                    -0 -0 -1,
                    -0 -0 -1,
                    -0 -0 -1,
                    -0 -0 -1,
                    -0 -0 -1,
                    -0 -0 -1,
                    -0 -0 -1,
                    -0 -0 -1,
                    -0 -0 -1,
                    -0 -0 -1,
                    -0 -0 -1,
                    -0 -0 -1,
                    -0 -0 -1,
                    -0 -0 -1,
                    -0 -0 -1

                  ]
                }
                coordIndex [
                  71 0 36 -1 
                  70 36 35 -1 
                  69 35 34 -1 
                  68 34 33 -1 
                  67 33 32 -1 
                  29 64 30 -1 
                  28 63 29 -1 
                  27 62 28 -1 
                  26 61 27 -1 
                  25 60 26 -1 
                  24 59 25 -1 
                  23 58 24 -1 
                  22 57 23 -1 
                  21 56 22 -1 
                  20 55 21 -1 
                  19 54 20 -1 
                  18 53 19 -1 
                  17 52 18 -1 
                  16 51 17 -1 
                  15 50 16 -1 
                  14 49 15 -1 
                  13 48 14 -1 
                  12 47 13 -1 
                  11 46 12 -1 
                  10 45 11 -1 
                  9 44 10 -1 
                  8 43 9 -1 
                  7 42 8 -1 
                  6 41 7 -1 
                  5 40 6 -1 
                  4 39 5 -1 
                  3 38 4 -1 
                  2 37 3 -1 
                  0 1 2 -1 
                  66 32 31 -1 
                  65 31 30 -1 
                  37 2 1 -1 
                  38 3 37 -1 
                  39 4 38 -1 
                  40 5 39 -1 
                  41 6 40 -1 
                  42 7 41 -1 
                  43 8 42 -1 
                  44 9 43 -1 
                  45 10 44 -1 
                  46 11 45 -1 
                  47 12 46 -1 
                  48 13 47 -1 
                  49 14 48 -1 
                  50 15 49 -1 
                  51 16 50 -1 
                  52 17 51 -1 
                  53 18 52 -1 
                  54 19 53 -1 
                  55 20 54 -1 
                  56 21 55 -1 
                  57 22 56 -1 
                  58 23 57 -1 
                  59 24 58 -1 
                  60 25 59 -1 
                  61 26 60 -1 
                  62 27 61 -1 
                  63 28 62 -1 
                  64 29 63 -1 
                  65 30 64 -1 
                  66 31 65 -1 
                  67 32 66 -1 
                  68 33 67 -1 
                  69 34 68 -1 
                  70 35 69 -1 
                  71 36 70 -1 
                  1 0 71 -1 
                  3 0 2 -1 
                  4 0 3 -1 
                  5 0 4 -1 
                  6 0 5 -1 
                  7 0 6 -1 
                  8 0 7 -1 
                  9 0 8 -1 
                  10 0 9 -1 
                  11 0 10 -1 
                  12 0 11 -1 
                  13 0 12 -1 
                  14 0 13 -1 
                  15 0 14 -1 
                  16 0 15 -1 
                  17 0 16 -1 
                  18 0 17 -1 
                  19 0 18 -1 
                  20 0 19 -1 
                  21 0 20 -1 
                  22 0 21 -1 
                  23 0 22 -1 
                  24 0 23 -1 
                  25 0 24 -1 
                  26 0 25 -1 
                  27 0 26 -1 
                  28 0 27 -1 
                  29 0 28 -1 
                  30 0 29 -1 
                  31 0 30 -1 
                  32 0 31 -1 
                  33 0 32 -1 
                  34 0 33 -1 
                  35 0 34 -1 
                  36 0 35 -1 
                  38 37 1 -1 
                  39 38 1 -1 
                  40 39 1 -1 
                  41 40 1 -1 
                  42 41 1 -1 
                  43 42 1 -1 
                  44 43 1 -1 
                  45 44 1 -1 
                  46 45 1 -1 
                  47 46 1 -1 
                  48 47 1 -1 
                  49 48 1 -1 
                  50 49 1 -1 
                  51 50 1 -1 
                  52 51 1 -1 
                  53 52 1 -1 
                  54 53 1 -1 
                  55 54 1 -1 
                  56 55 1 -1 
                  57 56 1 -1 
                  58 57 1 -1 
                  59 58 1 -1 
                  60 59 1 -1 
                  61 60 1 -1 
                  62 61 1 -1 
                  63 62 1 -1 
                  64 63 1 -1 
                  65 64 1 -1 
                  66 65 1 -1 
                  67 66 1 -1 
                  68 67 1 -1 
                  69 68 1 -1 
                  70 69 1 -1 
                  71 70 1 -1 
                ]
                normalIndex [
                  72 0 1 -1 
                  71 1 2 -1 
                  70 2 3 -1 
                  69 3 4 -1 
                  68 4 5 -1 
                  8 65 7 -1 
                  9 64 8 -1 
                  10 63 9 -1 
                  11 62 10 -1 
                  12 61 11 -1 
                  13 60 12 -1 
                  14 59 13 -1 
                  15 58 14 -1 
                  16 57 15 -1 
                  17 56 16 -1 
                  18 55 17 -1 
                  19 54 18 -1 
                  20 53 19 -1 
                  21 52 20 -1 
                  22 51 21 -1 
                  23 50 22 -1 
                  24 49 23 -1 
                  25 48 24 -1 
                  26 47 25 -1 
                  27 46 26 -1 
                  28 45 27 -1 
                  29 44 28 -1 
                  30 43 29 -1 
                  31 42 30 -1 
                  32 41 31 -1 
                  33 40 32 -1 
                  34 39 33 -1 
                  35 38 34 -1 
                  36 37 35 -1 
                  67 5 6 -1 
                  66 6 7 -1 
                  38 35 37 -1 
                  39 34 38 -1 
                  40 33 39 -1 
                  41 32 40 -1 
                  42 31 41 -1 
                  43 30 42 -1 
                  44 29 43 -1 
                  45 28 44 -1 
                  46 27 45 -1 
                  47 26 46 -1 
                  48 25 47 -1 
                  49 24 48 -1 
                  50 23 49 -1 
                  51 22 50 -1 
                  52 21 51 -1 
                  53 20 52 -1 
                  54 19 53 -1 
                  55 18 54 -1 
                  56 17 55 -1 
                  57 16 56 -1 
                  58 15 57 -1 
                  59 14 58 -1 
                  60 13 59 -1 
                  61 12 60 -1 
                  62 11 61 -1 
                  63 10 62 -1 
                  64 9 63 -1 
                  65 8 64 -1 
                  66 7 65 -1 
                  67 6 66 -1 
                  68 5 67 -1 
                  69 4 68 -1 
                  70 3 69 -1 
                  71 2 70 -1 
                  72 1 71 -1 
                  73 0 72 -1 
                  76 74 75 -1 
                  77 74 76 -1 
                  78 74 77 -1 
                  79 74 78 -1 
                  80 74 79 -1 
                  81 74 80 -1 
                  82 74 81 -1 
                  83 74 82 -1 
                  84 74 83 -1 
                  85 74 84 -1 
                  86 74 85 -1 
                  87 74 86 -1 
                  88 74 87 -1 
                  89 74 88 -1 
                  90 74 89 -1 
                  91 74 90 -1 
                  92 74 91 -1 
                  93 74 92 -1 
                  94 74 93 -1 
                  95 74 94 -1 
                  96 74 95 -1 
                  97 74 96 -1 
                  98 74 97 -1 
                  99 74 98 -1 
                  100 74 99 -1 
                  101 74 100 -1 
                  102 74 101 -1 
                  103 74 102 -1 
                  104 74 103 -1 
                  105 74 104 -1 
                  106 74 105 -1 
                  107 74 106 -1 
                  108 74 107 -1 
                  109 74 108 -1 
                  112 111 110 -1 
                  113 112 110 -1 
                  114 113 110 -1 
                  115 114 110 -1 
                  116 115 110 -1 
                  117 116 110 -1 
                  118 117 110 -1 
                  119 118 110 -1 
                  120 119 110 -1 
                  121 120 110 -1 
                  122 121 110 -1 
                  123 122 110 -1 
                  124 123 110 -1 
                  125 124 110 -1 
                  126 125 110 -1 
                  127 126 110 -1 
                  128 127 110 -1 
                  129 128 110 -1 
                  130 129 110 -1 
                  131 130 110 -1 
                  132 131 110 -1 
                  133 132 110 -1 
                  134 133 110 -1 
                  135 134 110 -1 
                  136 135 110 -1 
                  137 136 110 -1 
                  138 137 110 -1 
                  139 138 110 -1 
                  140 139 110 -1 
                  141 140 110 -1 
                  142 141 110 -1 
                  143 142 110 -1 
                  144 143 110 -1 
                  145 144 110 -1 
                ]
              }
            }
            DEF Leads_4 Shape {
              appearance DEF __23 Appearance {
                material DEF __24 Material {
                  ambientIntensity 0.260947436094
                  diffuseColor 0.73400002718 0.773000001907 0.79699999094
                  shininess 0
                }
              }
              geometry DEF __25 IndexedFaceSet {
                solid FALSE
                coord Coordinate {
                  point [
                    0.00025 -0.00534 0.0001,
                    0.00025 -0.00534 -0.005,
                    0.000246201938253 -0.00529658795558 0.0001,
                    0.000234923155196 -0.00525449496417 0.0001,
                    0.000216506350946 -0.005215 0.0001,
                    0.00019151111078 -0.00517930309758 0.0001,
                    0.000160696902422 -0.00514848888922 0.0001,
                    0.000125 -0.00512349364905 0.0001,
                    8.55050358314e-05 -0.0051050768448 0.0001,
                    4.34120444167e-05 -0.00509379806175 0.0001,
                    1.53080849893e-20 -0.00509 0.0001,
                    -4.34120444167e-05 -0.00509379806175 0.0001,
                    -8.55050358314e-05 -0.0051050768448 0.0001,
                    -0.000125 -0.00512349364905 0.0001,
                    -0.000160696902422 -0.00514848888922 0.0001,
                    -0.00019151111078 -0.00517930309758 0.0001,
                    -0.000216506350946 -0.005215 0.0001,
                    -0.000234923155196 -0.00525449496417 0.0001,
                    -0.000246201938253 -0.00529658795558 0.0001,
                    -0.00025 -0.00534 0.0001,
                    -0.000246201938253 -0.00538341204442 0.0001,
                    -0.000234923155196 -0.00542550503583 0.0001,
                    -0.000216506350946 -0.005465 0.0001,
                    -0.00019151111078 -0.00550069690242 0.0001,
                    -0.000160696902422 -0.00553151111078 0.0001,
                    -0.000125 -0.00555650635095 0.0001,
                    -8.55050358314e-05 -0.0055749231552 0.0001,
                    -4.34120444167e-05 -0.00558620193825 0.0001,
                    -4.5924254968e-20 -0.00559 0.0001,
                    4.34120444167e-05 -0.00558620193825 0.0001,
                    8.55050358314e-05 -0.0055749231552 0.0001,
                    0.000125 -0.00555650635095 0.0001,
                    0.000160696902422 -0.00553151111078 0.0001,
                    0.00019151111078 -0.00550069690242 0.0001,
                    0.000216506350946 -0.005465 0.0001,
                    0.000234923155196 -0.00542550503583 0.0001,
                    0.000246201938253 -0.00538341204442 0.0001,
                    0.000246201938253 -0.00529658795558 -0.005,
                    0.000234923155196 -0.00525449496417 -0.005,
                    0.000216506350946 -0.005215 -0.005,
                    0.00019151111078 -0.00517930309758 -0.005,
                    0.000160696902422 -0.00514848888922 -0.005,
                    0.000125 -0.00512349364905 -0.005,
                    8.55050358314e-05 -0.0051050768448 -0.005,
                    4.34120444167e-05 -0.00509379806175 -0.005,
                    1.53080849893e-20 -0.00509 -0.005,
                    -4.34120444167e-05 -0.00509379806175 -0.005,
                    -8.55050358314e-05 -0.0051050768448 -0.005,
                    -0.000125 -0.00512349364905 -0.005,
                    -0.000160696902422 -0.00514848888922 -0.005,
                    -0.00019151111078 -0.00517930309758 -0.005,
                    -0.000216506350946 -0.005215 -0.005,
                    -0.000234923155196 -0.00525449496417 -0.005,
                    -0.000246201938253 -0.00529658795558 -0.005,
                    -0.00025 -0.00534 -0.005,
                    -0.000246201938253 -0.00538341204442 -0.005,
                    -0.000234923155196 -0.00542550503583 -0.005,
                    -0.000216506350946 -0.005465 -0.005,
                    -0.00019151111078 -0.00550069690242 -0.005,
                    -0.000160696902422 -0.00553151111078 -0.005,
                    -0.000125 -0.00555650635095 -0.005,
                    -8.55050358314e-05 -0.0055749231552 -0.005,
                    -4.34120444167e-05 -0.00558620193825 -0.005,
                    -4.5924254968e-20 -0.00559 -0.005,
                    4.34120444167e-05 -0.00558620193825 -0.005,
                    8.55050358314e-05 -0.0055749231552 -0.005,
                    0.000125 -0.00555650635095 -0.005,
                    0.000160696902422 -0.00553151111078 -0.005,
                    0.00019151111078 -0.00550069690242 -0.005,
                    0.000216506350946 -0.005465 -0.005,
                    0.000234923155196 -0.00542550503583 -0.005,
                    0.000246201938253 -0.00538341204442 -0.005

                  ]
                }
                normal Normal {
                  vector [
                    1 0 0,
                    0.98480773 -0.17364818 0,
                    0.93969262 -0.34202015 0,
                    0.86602539 -0.5 0,
                    0.76604444 -0.64278764 0,
                    0.64278764 -0.76604444 0,
                    0.5 -0.86602539 0,
                    0.34202015 -0.93969262 0,
                    0.17364818 -0.98480773 0,
                    -1.8369701e-16 -1 0,
                    -0.17364818 -0.98480773 0,
                    -0.34202015 -0.93969262 0,
                    -0.5 -0.86602539 0,
                    -0.64278764 -0.76604444 0,
                    -0.76604444 -0.64278764 0,
                    -0.86602539 -0.5 0,
                    -0.93969262 -0.34202015 0,
                    -0.98480773 -0.17364818 0,
                    -1 0 0,
                    -0.98480773 0.17364818 0,
                    -0.93969262 0.34202015 0,
                    -0.86602539 0.5 0,
                    -0.76604444 0.64278764 0,
                    -0.64278764 0.76604444 0,
                    -0.5 0.86602539 0,
                    -0.34202015 0.93969262 0,
                    -0.17364818 0.98480773 0,
                    6.1232343e-17 1 0,
                    0.17364818 0.98480773 0,
                    0.34202015 0.93969262 0,
                    0.5 0.86602539 0,
                    0.64278764 0.76604444 0,
                    0.76604444 0.64278764 0,
                    0.86602539 0.5 0,
                    0.93969262 0.34202015 0,
                    0.98480773 0.17364818 0,
                    1 0 0,
                    1 0 0,
                    0.98480773 0.17364818 0,
                    0.93969262 0.34202015 0,
                    0.86602539 0.5 0,
                    0.76604444 0.64278764 0,
                    0.64278764 0.76604444 0,
                    0.5 0.86602539 0,
                    0.34202015 0.93969262 0,
                    0.17364818 0.98480773 0,
                    6.1232343e-17 1 0,
                    -0.17364818 0.98480773 0,
                    -0.34202015 0.93969262 0,
                    -0.5 0.86602539 0,
                    -0.64278764 0.76604444 0,
                    -0.76604444 0.64278764 0,
                    -0.86602539 0.5 0,
                    -0.93969262 0.34202015 0,
                    -0.98480773 0.17364818 0,
                    -1 0 0,
                    -0.98480773 -0.17364818 0,
                    -0.93969262 -0.34202015 0,
                    -0.86602539 -0.5 0,
                    -0.76604444 -0.64278764 0,
                    -0.64278764 -0.76604444 0,
                    -0.5 -0.86602539 0,
                    -0.34202015 -0.93969262 0,
                    -0.17364818 -0.98480773 0,
                    -1.8369701e-16 -1 0,
                    0.17364818 -0.98480773 0,
                    0.34202015 -0.93969262 0,
                    0.5 -0.86602539 0,
                    0.64278764 -0.76604444 0,
                    0.76604444 -0.64278764 0,
                    0.86602539 -0.5 0,
                    0.93969262 -0.34202015 0,
                    0.98480773 -0.17364818 0,
                    1 0 0,
                    0 0 1,
                    0 0 1,
                    0 0 1,
                    0 0 1,
                    0 0 1,
                    0 0 1,
                    0 0 1,
                    0 0 1,
                    0 0 1,
                    0 0 1,
                    0 0 1,
                    0 0 1,
                    0 0 1,
                    0 0 1,
                    0 0 1,
                    0 0 1,
                    0 0 1,
                    0 0 1,
                    0 0 1,
                    0 0 1,
                    0 0 1,
                    0 0 1,
                    0 0 1,
                    0 0 1,
                    0 0 1,
                    0 0 1,
                    0 0 1,
                    0 0 1,
                    0 0 1,
                    0 0 1,
                    0 0 1,
                    0 0 1,
                    0 0 1,
                    0 0 1,
                    0 0 1,
                    0 0 1,
                    -0 -0 -1,
                    -0 -0 -1,
                    -0 -0 -1,
                    -0 -0 -1,
                    -0 -0 -1,
                    -0 -0 -1,
                    -0 -0 -1,
                    -0 -0 -1,
                    -0 -0 -1,
                    -0 -0 -1,
                    -0 -0 -1,
                    -0 -0 -1,
                    -0 -0 -1,
                    -0 -0 -1,
                    -0 -0 -1,
                    -0 -0 -1,
                    -0 -0 -1,
                    -0 -0 -1,
                    -0 -0 -1,
                    -0 -0 -1,
                    -0 -0 -1,
                    -0 -0 -1,
                    -0 -0 -1,
                    -0 -0 -1,
                    -0 -0 -1,
                    -0 -0 -1,
                    -0 -0 -1,
                    -0 -0 -1,
                    -0 -0 -1,
                    -0 -0 -1,
                    -0 -0 -1,
                    -0 -0 -1,
                    -0 -0 -1,
                    -0 -0 -1,
                    -0 -0 -1,
                    -0 -0 -1

                  ]
                }
                coordIndex [
                  71 0 36 -1 
                  70 36 35 -1 
                  69 35 34 -1 
                  68 34 33 -1 
                  67 33 32 -1 
                  29 64 30 -1 
                  28 63 29 -1 
                  27 62 28 -1 
                  26 61 27 -1 
                  25 60 26 -1 
                  24 59 25 -1 
                  23 58 24 -1 
                  22 57 23 -1 
                  21 56 22 -1 
                  20 55 21 -1 
                  19 54 20 -1 
                  18 53 19 -1 
                  17 52 18 -1 
                  16 51 17 -1 
                  15 50 16 -1 
                  14 49 15 -1 
                  13 48 14 -1 
                  12 47 13 -1 
                  11 46 12 -1 
                  10 45 11 -1 
                  9 44 10 -1 
                  8 43 9 -1 
                  7 42 8 -1 
                  6 41 7 -1 
                  5 40 6 -1 
                  4 39 5 -1 
                  3 38 4 -1 
                  2 37 3 -1 
                  0 1 2 -1 
                  66 32 31 -1 
                  65 31 30 -1 
                  37 2 1 -1 
                  38 3 37 -1 
                  39 4 38 -1 
                  40 5 39 -1 
                  41 6 40 -1 
                  42 7 41 -1 
                  43 8 42 -1 
                  44 9 43 -1 
                  45 10 44 -1 
                  46 11 45 -1 
                  47 12 46 -1 
                  48 13 47 -1 
                  49 14 48 -1 
                  50 15 49 -1 
                  51 16 50 -1 
                  52 17 51 -1 
                  53 18 52 -1 
                  54 19 53 -1 
                  55 20 54 -1 
                  56 21 55 -1 
                  57 22 56 -1 
                  58 23 57 -1 
                  59 24 58 -1 
                  60 25 59 -1 
                  61 26 60 -1 
                  62 27 61 -1 
                  63 28 62 -1 
                  64 29 63 -1 
                  65 30 64 -1 
                  66 31 65 -1 
                  67 32 66 -1 
                  68 33 67 -1 
                  69 34 68 -1 
                  70 35 69 -1 
                  71 36 70 -1 
                  1 0 71 -1 
                  3 0 2 -1 
                  4 0 3 -1 
                  5 0 4 -1 
                  6 0 5 -1 
                  7 0 6 -1 
                  8 0 7 -1 
                  9 0 8 -1 
                  10 0 9 -1 
                  11 0 10 -1 
                  12 0 11 -1 
                  13 0 12 -1 
                  14 0 13 -1 
                  15 0 14 -1 
                  16 0 15 -1 
                  17 0 16 -1 
                  18 0 17 -1 
                  19 0 18 -1 
                  20 0 19 -1 
                  21 0 20 -1 
                  22 0 21 -1 
                  23 0 22 -1 
                  24 0 23 -1 
                  25 0 24 -1 
                  26 0 25 -1 
                  27 0 26 -1 
                  28 0 27 -1 
                  29 0 28 -1 
                  30 0 29 -1 
                  31 0 30 -1 
                  32 0 31 -1 
                  33 0 32 -1 
                  34 0 33 -1 
                  35 0 34 -1 
                  36 0 35 -1 
                  38 37 1 -1 
                  39 38 1 -1 
                  40 39 1 -1 
                  41 40 1 -1 
                  42 41 1 -1 
                  43 42 1 -1 
                  44 43 1 -1 
                  45 44 1 -1 
                  46 45 1 -1 
                  47 46 1 -1 
                  48 47 1 -1 
                  49 48 1 -1 
                  50 49 1 -1 
                  51 50 1 -1 
                  52 51 1 -1 
                  53 52 1 -1 
                  54 53 1 -1 
                  55 54 1 -1 
                  56 55 1 -1 
                  57 56 1 -1 
                  58 57 1 -1 
                  59 58 1 -1 
                  60 59 1 -1 
                  61 60 1 -1 
                  62 61 1 -1 
                  63 62 1 -1 
                  64 63 1 -1 
                  65 64 1 -1 
                  66 65 1 -1 
                  67 66 1 -1 
                  68 67 1 -1 
                  69 68 1 -1 
                  70 69 1 -1 
                  71 70 1 -1 
                ]
                normalIndex [
                  72 0 1 -1 
                  71 1 2 -1 
                  70 2 3 -1 
                  69 3 4 -1 
                  68 4 5 -1 
                  8 65 7 -1 
                  9 64 8 -1 
                  10 63 9 -1 
                  11 62 10 -1 
                  12 61 11 -1 
                  13 60 12 -1 
                  14 59 13 -1 
                  15 58 14 -1 
                  16 57 15 -1 
                  17 56 16 -1 
                  18 55 17 -1 
                  19 54 18 -1 
                  20 53 19 -1 
                  21 52 20 -1 
                  22 51 21 -1 
                  23 50 22 -1 
                  24 49 23 -1 
                  25 48 24 -1 
                  26 47 25 -1 
                  27 46 26 -1 
                  28 45 27 -1 
                  29 44 28 -1 
                  30 43 29 -1 
                  31 42 30 -1 
                  32 41 31 -1 
                  33 40 32 -1 
                  34 39 33 -1 
                  35 38 34 -1 
                  36 37 35 -1 
                  67 5 6 -1 
                  66 6 7 -1 
                  38 35 37 -1 
                  39 34 38 -1 
                  40 33 39 -1 
                  41 32 40 -1 
                  42 31 41 -1 
                  43 30 42 -1 
                  44 29 43 -1 
                  45 28 44 -1 
                  46 27 45 -1 
                  47 26 46 -1 
                  48 25 47 -1 
                  49 24 48 -1 
                  50 23 49 -1 
                  51 22 50 -1 
                  52 21 51 -1 
                  53 20 52 -1 
                  54 19 53 -1 
                  55 18 54 -1 
                  56 17 55 -1 
                  57 16 56 -1 
                  58 15 57 -1 
                  59 14 58 -1 
                  60 13 59 -1 
                  61 12 60 -1 
                  62 11 61 -1 
                  63 10 62 -1 
                  64 9 63 -1 
                  65 8 64 -1 
                  66 7 65 -1 
                  67 6 66 -1 
                  68 5 67 -1 
                  69 4 68 -1 
                  70 3 69 -1 
                  71 2 70 -1 
                  72 1 71 -1 
                  73 0 72 -1 
                  76 74 75 -1 
                  77 74 76 -1 
                  78 74 77 -1 
                  79 74 78 -1 
                  80 74 79 -1 
                  81 74 80 -1 
                  82 74 81 -1 
                  83 74 82 -1 
                  84 74 83 -1 
                  85 74 84 -1 
                  86 74 85 -1 
                  87 74 86 -1 
                  88 74 87 -1 
                  89 74 88 -1 
                  90 74 89 -1 
                  91 74 90 -1 
                  92 74 91 -1 
                  93 74 92 -1 
                  94 74 93 -1 
                  95 74 94 -1 
                  96 74 95 -1 
                  97 74 96 -1 
                  98 74 97 -1 
                  99 74 98 -1 
                  100 74 99 -1 
                  101 74 100 -1 
                  102 74 101 -1 
                  103 74 102 -1 
                  104 74 103 -1 
                  105 74 104 -1 
                  106 74 105 -1 
                  107 74 106 -1 
                  108 74 107 -1 
                  109 74 108 -1 
                  112 111 110 -1 
                  113 112 110 -1 
                  114 113 110 -1 
                  115 114 110 -1 
                  116 115 110 -1 
                  117 116 110 -1 
                  118 117 110 -1 
                  119 118 110 -1 
                  120 119 110 -1 
                  121 120 110 -1 
                  122 121 110 -1 
                  123 122 110 -1 
                  124 123 110 -1 
                  125 124 110 -1 
                  126 125 110 -1 
                  127 126 110 -1 
                  128 127 110 -1 
                  129 128 110 -1 
                  130 129 110 -1 
                  131 130 110 -1 
                  132 131 110 -1 
                  133 132 110 -1 
                  134 133 110 -1 
                  135 134 110 -1 
                  136 135 110 -1 
                  137 136 110 -1 
                  138 137 110 -1 
                  139 138 110 -1 
                  140 139 110 -1 
                  141 140 110 -1 
                  142 141 110 -1 
                  143 142 110 -1 
                  144 143 110 -1 
                  145 144 110 -1 
                ]
              }
            }
            DEF Leads_5 Shape {
              appearance DEF __27 Appearance {
                material DEF __28 Material {
                  ambientIntensity 0.260947436094
                  diffuseColor 0.73400002718 0.773000001907 0.79699999094
                  shininess 0
                }
              }
              geometry DEF __29 IndexedFaceSet {
                solid FALSE
                coord Coordinate {
                  point [
                    0.00025 -0.00712 0.0001,
                    0.00025 -0.00712 -0.005,
                    0.000246201938253 -0.00707658795558 0.0001,
                    0.000234923155196 -0.00703449496417 0.0001,
                    0.000216506350946 -0.006995 0.0001,
                    0.00019151111078 -0.00695930309758 0.0001,
                    0.000160696902422 -0.00692848888922 0.0001,
                    0.000125 -0.00690349364905 0.0001,
                    8.55050358314e-05 -0.0068850768448 0.0001,
                    4.34120444167e-05 -0.00687379806175 0.0001,
                    1.53080849893e-20 -0.00687 0.0001,
                    -4.34120444167e-05 -0.00687379806175 0.0001,
                    -8.55050358314e-05 -0.0068850768448 0.0001,
                    -0.000125 -0.00690349364905 0.0001,
                    -0.000160696902422 -0.00692848888922 0.0001,
                    -0.00019151111078 -0.00695930309758 0.0001,
                    -0.000216506350946 -0.006995 0.0001,
                    -0.000234923155196 -0.00703449496417 0.0001,
                    -0.000246201938253 -0.00707658795558 0.0001,
                    -0.00025 -0.00712 0.0001,
                    -0.000246201938253 -0.00716341204442 0.0001,
                    -0.000234923155196 -0.00720550503583 0.0001,
                    -0.000216506350946 -0.007245 0.0001,
                    -0.00019151111078 -0.00728069690242 0.0001,
                    -0.000160696902422 -0.00731151111078 0.0001,
                    -0.000125 -0.00733650635095 0.0001,
                    -8.55050358314e-05 -0.0073549231552 0.0001,
                    -4.34120444167e-05 -0.00736620193825 0.0001,
                    -4.5924254968e-20 -0.00737 0.0001,
                    4.34120444167e-05 -0.00736620193825 0.0001,
                    8.55050358314e-05 -0.0073549231552 0.0001,
                    0.000125 -0.00733650635095 0.0001,
                    0.000160696902422 -0.00731151111078 0.0001,
                    0.00019151111078 -0.00728069690242 0.0001,
                    0.000216506350946 -0.007245 0.0001,
                    0.000234923155196 -0.00720550503583 0.0001,
                    0.000246201938253 -0.00716341204442 0.0001,
                    0.000246201938253 -0.00707658795558 -0.005,
                    0.000234923155196 -0.00703449496417 -0.005,
                    0.000216506350946 -0.006995 -0.005,
                    0.00019151111078 -0.00695930309758 -0.005,
                    0.000160696902422 -0.00692848888922 -0.005,
                    0.000125 -0.00690349364905 -0.005,
                    8.55050358314e-05 -0.0068850768448 -0.005,
                    4.34120444167e-05 -0.00687379806175 -0.005,
                    1.53080849893e-20 -0.00687 -0.005,
                    -4.34120444167e-05 -0.00687379806175 -0.005,
                    -8.55050358314e-05 -0.0068850768448 -0.005,
                    -0.000125 -0.00690349364905 -0.005,
                    -0.000160696902422 -0.00692848888922 -0.005,
                    -0.00019151111078 -0.00695930309758 -0.005,
                    -0.000216506350946 -0.006995 -0.005,
                    -0.000234923155196 -0.00703449496417 -0.005,
                    -0.000246201938253 -0.00707658795558 -0.005,
                    -0.00025 -0.00712 -0.005,
                    -0.000246201938253 -0.00716341204442 -0.005,
                    -0.000234923155196 -0.00720550503583 -0.005,
                    -0.000216506350946 -0.007245 -0.005,
                    -0.00019151111078 -0.00728069690242 -0.005,
                    -0.000160696902422 -0.00731151111078 -0.005,
                    -0.000125 -0.00733650635095 -0.005,
                    -8.55050358314e-05 -0.0073549231552 -0.005,
                    -4.34120444167e-05 -0.00736620193825 -0.005,
                    -4.5924254968e-20 -0.00737 -0.005,
                    4.34120444167e-05 -0.00736620193825 -0.005,
                    8.55050358314e-05 -0.0073549231552 -0.005,
                    0.000125 -0.00733650635095 -0.005,
                    0.000160696902422 -0.00731151111078 -0.005,
                    0.00019151111078 -0.00728069690242 -0.005,
                    0.000216506350946 -0.007245 -0.005,
                    0.000234923155196 -0.00720550503583 -0.005,
                    0.000246201938253 -0.00716341204442 -0.005

                  ]
                }
                normal Normal {
                  vector [
                    1 0 0,
                    0.98480773 -0.17364818 0,
                    0.93969262 -0.34202015 0,
                    0.86602539 -0.5 0,
                    0.76604444 -0.64278764 0,
                    0.64278764 -0.76604444 0,
                    0.5 -0.86602539 0,
                    0.34202015 -0.93969262 0,
                    0.17364818 -0.98480773 0,
                    -1.8369701e-16 -1 0,
                    -0.17364818 -0.98480773 0,
                    -0.34202015 -0.93969262 0,
                    -0.5 -0.86602539 0,
                    -0.64278764 -0.76604444 0,
                    -0.76604444 -0.64278764 0,
                    -0.86602539 -0.5 0,
                    -0.93969262 -0.34202015 0,
                    -0.98480773 -0.17364818 0,
                    -1 0 0,
                    -0.98480773 0.17364818 0,
                    -0.93969262 0.34202015 0,
                    -0.86602539 0.5 0,
                    -0.76604444 0.64278764 0,
                    -0.64278764 0.76604444 0,
                    -0.5 0.86602539 0,
                    -0.34202015 0.93969262 0,
                    -0.17364818 0.98480773 0,
                    6.1232343e-17 1 0,
                    0.17364818 0.98480773 0,
                    0.34202015 0.93969262 0,
                    0.5 0.86602539 0,
                    0.64278764 0.76604444 0,
                    0.76604444 0.64278764 0,
                    0.86602539 0.5 0,
                    0.93969262 0.34202015 0,
                    0.98480773 0.17364818 0,
                    1 0 0,
                    1 0 0,
                    0.98480773 0.17364818 0,
                    0.93969262 0.34202015 0,
                    0.86602539 0.5 0,
                    0.76604444 0.64278764 0,
                    0.64278764 0.76604444 0,
                    0.5 0.86602539 0,
                    0.34202015 0.93969262 0,
                    0.17364818 0.98480773 0,
                    6.1232343e-17 1 0,
                    -0.17364818 0.98480773 0,
                    -0.34202015 0.93969262 0,
                    -0.5 0.86602539 0,
                    -0.64278764 0.76604444 0,
                    -0.76604444 0.64278764 0,
                    -0.86602539 0.5 0,
                    -0.93969262 0.34202015 0,
                    -0.98480773 0.17364818 0,
                    -1 0 0,
                    -0.98480773 -0.17364818 0,
                    -0.93969262 -0.34202015 0,
                    -0.86602539 -0.5 0,
                    -0.76604444 -0.64278764 0,
                    -0.64278764 -0.76604444 0,
                    -0.5 -0.86602539 0,
                    -0.34202015 -0.93969262 0,
                    -0.17364818 -0.98480773 0,
                    -1.8369701e-16 -1 0,
                    0.17364818 -0.98480773 0,
                    0.34202015 -0.93969262 0,
                    0.5 -0.86602539 0,
                    0.64278764 -0.76604444 0,
                    0.76604444 -0.64278764 0,
                    0.86602539 -0.5 0,
                    0.93969262 -0.34202015 0,
                    0.98480773 -0.17364818 0,
                    1 0 0,
                    0 0 1,
                    0 0 1,
                    0 0 1,
                    0 0 1,
                    0 0 1,
                    0 0 1,
                    0 0 1,
                    0 0 1,
                    0 0 1,
                    0 0 1,
                    0 0 1,
                    0 0 1,
                    0 0 1,
                    0 0 1,
                    0 0 1,
                    0 0 1,
                    0 0 1,
                    0 0 1,
                    0 0 1,
                    0 0 1,
                    0 0 1,
                    0 0 1,
                    0 0 1,
                    0 0 1,
                    0 0 1,
                    0 0 1,
                    0 0 1,
                    0 0 1,
                    0 0 1,
                    0 0 1,
                    0 0 1,
                    0 0 1,
                    0 0 1,
                    0 0 1,
                    0 0 1,
                    0 0 1,
                    -0 -0 -1,
                    -0 -0 -1,
                    -0 -0 -1,
                    -0 -0 -1,
                    -0 -0 -1,
                    -0 -0 -1,
                    -0 -0 -1,
                    -0 -0 -1,
                    -0 -0 -1,
                    -0 -0 -1,
                    -0 -0 -1,
                    -0 -0 -1,
                    -0 -0 -1,
                    -0 -0 -1,
                    -0 -0 -1,
                    -0 -0 -1,
                    -0 -0 -1,
                    -0 -0 -1,
                    -0 -0 -1,
                    -0 -0 -1,
                    -0 -0 -1,
                    -0 -0 -1,
                    -0 -0 -1,
                    -0 -0 -1,
                    -0 -0 -1,
                    -0 -0 -1,
                    -0 -0 -1,
                    -0 -0 -1,
                    -0 -0 -1,
                    -0 -0 -1,
                    -0 -0 -1,
                    -0 -0 -1,
                    -0 -0 -1,
                    -0 -0 -1,
                    -0 -0 -1,
                    -0 -0 -1

                  ]
                }
                coordIndex [
                  71 0 36 -1 
                  70 36 35 -1 
                  69 35 34 -1 
                  68 34 33 -1 
                  67 33 32 -1 
                  29 64 30 -1 
                  28 63 29 -1 
                  27 62 28 -1 
                  26 61 27 -1 
                  25 60 26 -1 
                  24 59 25 -1 
                  23 58 24 -1 
                  22 57 23 -1 
                  21 56 22 -1 
                  20 55 21 -1 
                  19 54 20 -1 
                  18 53 19 -1 
                  17 52 18 -1 
                  16 51 17 -1 
                  15 50 16 -1 
                  14 49 15 -1 
                  13 48 14 -1 
                  12 47 13 -1 
                  11 46 12 -1 
                  10 45 11 -1 
                  9 44 10 -1 
                  8 43 9 -1 
                  7 42 8 -1 
                  6 41 7 -1 
                  5 40 6 -1 
                  4 39 5 -1 
                  3 38 4 -1 
                  2 37 3 -1 
                  0 1 2 -1 
                  66 32 31 -1 
                  65 31 30 -1 
                  37 2 1 -1 
                  38 3 37 -1 
                  39 4 38 -1 
                  40 5 39 -1 
                  41 6 40 -1 
                  42 7 41 -1 
                  43 8 42 -1 
                  44 9 43 -1 
                  45 10 44 -1 
                  46 11 45 -1 
                  47 12 46 -1 
                  48 13 47 -1 
                  49 14 48 -1 
                  50 15 49 -1 
                  51 16 50 -1 
                  52 17 51 -1 
                  53 18 52 -1 
                  54 19 53 -1 
                  55 20 54 -1 
                  56 21 55 -1 
                  57 22 56 -1 
                  58 23 57 -1 
                  59 24 58 -1 
                  60 25 59 -1 
                  61 26 60 -1 
                  62 27 61 -1 
                  63 28 62 -1 
                  64 29 63 -1 
                  65 30 64 -1 
                  66 31 65 -1 
                  67 32 66 -1 
                  68 33 67 -1 
                  69 34 68 -1 
                  70 35 69 -1 
                  71 36 70 -1 
                  1 0 71 -1 
                  3 0 2 -1 
                  4 0 3 -1 
                  5 0 4 -1 
                  6 0 5 -1 
                  7 0 6 -1 
                  8 0 7 -1 
                  9 0 8 -1 
                  10 0 9 -1 
                  11 0 10 -1 
                  12 0 11 -1 
                  13 0 12 -1 
                  14 0 13 -1 
                  15 0 14 -1 
                  16 0 15 -1 
                  17 0 16 -1 
                  18 0 17 -1 
                  19 0 18 -1 
                  20 0 19 -1 
                  21 0 20 -1 
                  22 0 21 -1 
                  23 0 22 -1 
                  24 0 23 -1 
                  25 0 24 -1 
                  26 0 25 -1 
                  27 0 26 -1 
                  28 0 27 -1 
                  29 0 28 -1 
                  30 0 29 -1 
                  31 0 30 -1 
                  32 0 31 -1 
                  33 0 32 -1 
                  34 0 33 -1 
                  35 0 34 -1 
                  36 0 35 -1 
                  38 37 1 -1 
                  39 38 1 -1 
                  40 39 1 -1 
                  41 40 1 -1 
                  42 41 1 -1 
                  43 42 1 -1 
                  44 43 1 -1 
                  45 44 1 -1 
                  46 45 1 -1 
                  47 46 1 -1 
                  48 47 1 -1 
                  49 48 1 -1 
                  50 49 1 -1 
                  51 50 1 -1 
                  52 51 1 -1 
                  53 52 1 -1 
                  54 53 1 -1 
                  55 54 1 -1 
                  56 55 1 -1 
                  57 56 1 -1 
                  58 57 1 -1 
                  59 58 1 -1 
                  60 59 1 -1 
                  61 60 1 -1 
                  62 61 1 -1 
                  63 62 1 -1 
                  64 63 1 -1 
                  65 64 1 -1 
                  66 65 1 -1 
                  67 66 1 -1 
                  68 67 1 -1 
                  69 68 1 -1 
                  70 69 1 -1 
                  71 70 1 -1 
                ]
                normalIndex [
                  72 0 1 -1 
                  71 1 2 -1 
                  70 2 3 -1 
                  69 3 4 -1 
                  68 4 5 -1 
                  8 65 7 -1 
                  9 64 8 -1 
                  10 63 9 -1 
                  11 62 10 -1 
                  12 61 11 -1 
                  13 60 12 -1 
                  14 59 13 -1 
                  15 58 14 -1 
                  16 57 15 -1 
                  17 56 16 -1 
                  18 55 17 -1 
                  19 54 18 -1 
                  20 53 19 -1 
                  21 52 20 -1 
                  22 51 21 -1 
                  23 50 22 -1 
                  24 49 23 -1 
                  25 48 24 -1 
                  26 47 25 -1 
                  27 46 26 -1 
                  28 45 27 -1 
                  29 44 28 -1 
                  30 43 29 -1 
                  31 42 30 -1 
                  32 41 31 -1 
                  33 40 32 -1 
                  34 39 33 -1 
                  35 38 34 -1 
                  36 37 35 -1 
                  67 5 6 -1 
                  66 6 7 -1 
                  38 35 37 -1 
                  39 34 38 -1 
                  40 33 39 -1 
                  41 32 40 -1 
                  42 31 41 -1 
                  43 30 42 -1 
                  44 29 43 -1 
                  45 28 44 -1 
                  46 27 45 -1 
                  47 26 46 -1 
                  48 25 47 -1 
                  49 24 48 -1 
                  50 23 49 -1 
                  51 22 50 -1 
                  52 21 51 -1 
                  53 20 52 -1 
                  54 19 53 -1 
                  55 18 54 -1 
                  56 17 55 -1 
                  57 16 56 -1 
                  58 15 57 -1 
                  59 14 58 -1 
                  60 13 59 -1 
                  61 12 60 -1 
                  62 11 61 -1 
                  63 10 62 -1 
                  64 9 63 -1 
                  65 8 64 -1 
                  66 7 65 -1 
                  67 6 66 -1 
                  68 5 67 -1 
                  69 4 68 -1 
                  70 3 69 -1 
                  71 2 70 -1 
                  72 1 71 -1 
                  73 0 72 -1 
                  76 74 75 -1 
                  77 74 76 -1 
                  78 74 77 -1 
                  79 74 78 -1 
                  80 74 79 -1 
                  81 74 80 -1 
                  82 74 81 -1 
                  83 74 82 -1 
                  84 74 83 -1 
                  85 74 84 -1 
                  86 74 85 -1 
                  87 74 86 -1 
                  88 74 87 -1 
                  89 74 88 -1 
                  90 74 89 -1 
                  91 74 90 -1 
                  92 74 91 -1 
                  93 74 92 -1 
                  94 74 93 -1 
                  95 74 94 -1 
                  96 74 95 -1 
                  97 74 96 -1 
                  98 74 97 -1 
                  99 74 98 -1 
                  100 74 99 -1 
                  101 74 100 -1 
                  102 74 101 -1 
                  103 74 102 -1 
                  104 74 103 -1 
                  105 74 104 -1 
                  106 74 105 -1 
                  107 74 106 -1 
                  108 74 107 -1 
                  109 74 108 -1 
                  112 111 110 -1 
                  113 112 110 -1 
                  114 113 110 -1 
                  115 114 110 -1 
                  116 115 110 -1 
                  117 116 110 -1 
                  118 117 110 -1 
                  119 118 110 -1 
                  120 119 110 -1 
                  121 120 110 -1 
                  122 121 110 -1 
                  123 122 110 -1 
                  124 123 110 -1 
                  125 124 110 -1 
                  126 125 110 -1 
                  127 126 110 -1 
                  128 127 110 -1 
                  129 128 110 -1 
                  130 129 110 -1 
                  131 130 110 -1 
                  132 131 110 -1 
                  133 132 110 -1 
                  134 133 110 -1 
                  135 134 110 -1 
                  136 135 110 -1 
                  137 136 110 -1 
                  138 137 110 -1 
                  139 138 110 -1 
                  140 139 110 -1 
                  141 140 110 -1 
                  142 141 110 -1 
                  143 142 110 -1 
                  144 143 110 -1 
                  145 144 110 -1 
                ]
              }
            }
            DEF Leads_6 Shape {
              appearance DEF __31 Appearance {
                material DEF __32 Material {
                  ambientIntensity 0.260947436094
                  diffuseColor 0.73400002718 0.773000001907 0.79699999094
                  shininess 0
                }
              }
              geometry DEF __33 IndexedFaceSet {
                solid FALSE
                coord Coordinate {
                  point [
                    0.00025 -0.0089 0.0001,
                    0.00025 -0.0089 -0.005,
                    0.000246201938253 -0.00885658795558 0.0001,
                    0.000234923155196 -0.00881449496417 0.0001,
                    0.000216506350946 -0.008775 0.0001,
                    0.00019151111078 -0.00873930309758 0.0001,
                    0.000160696902422 -0.00870848888922 0.0001,
                    0.000125 -0.00868349364905 0.0001,
                    8.55050358314e-05 -0.0086650768448 0.0001,
                    4.34120444167e-05 -0.00865379806175 0.0001,
                    1.53080849893e-20 -0.00865 0.0001,
                    -4.34120444167e-05 -0.00865379806175 0.0001,
                    -8.55050358314e-05 -0.0086650768448 0.0001,
                    -0.000125 -0.00868349364905 0.0001,
                    -0.000160696902422 -0.00870848888922 0.0001,
                    -0.00019151111078 -0.00873930309758 0.0001,
                    -0.000216506350946 -0.008775 0.0001,
                    -0.000234923155196 -0.00881449496417 0.0001,
                    -0.000246201938253 -0.00885658795558 0.0001,
                    -0.00025 -0.0089 0.0001,
                    -0.000246201938253 -0.00894341204442 0.0001,
                    -0.000234923155196 -0.00898550503583 0.0001,
                    -0.000216506350946 -0.009025 0.0001,
                    -0.00019151111078 -0.00906069690242 0.0001,
                    -0.000160696902422 -0.00909151111078 0.0001,
                    -0.000125 -0.00911650635095 0.0001,
                    -8.55050358314e-05 -0.0091349231552 0.0001,
                    -4.34120444167e-05 -0.00914620193825 0.0001,
                    -4.5924254968e-20 -0.00915 0.0001,
                    4.34120444167e-05 -0.00914620193825 0.0001,
                    8.55050358314e-05 -0.0091349231552 0.0001,
                    0.000125 -0.00911650635095 0.0001,
                    0.000160696902422 -0.00909151111078 0.0001,
                    0.00019151111078 -0.00906069690242 0.0001,
                    0.000216506350946 -0.009025 0.0001,
                    0.000234923155196 -0.00898550503583 0.0001,
                    0.000246201938253 -0.00894341204442 0.0001,
                    0.000246201938253 -0.00885658795558 -0.005,
                    0.000234923155196 -0.00881449496417 -0.005,
                    0.000216506350946 -0.008775 -0.005,
                    0.00019151111078 -0.00873930309758 -0.005,
                    0.000160696902422 -0.00870848888922 -0.005,
                    0.000125 -0.00868349364905 -0.005,
                    8.55050358314e-05 -0.0086650768448 -0.005,
                    4.34120444167e-05 -0.00865379806175 -0.005,
                    1.53080849893e-20 -0.00865 -0.005,
                    -4.34120444167e-05 -0.00865379806175 -0.005,
                    -8.55050358314e-05 -0.0086650768448 -0.005,
                    -0.000125 -0.00868349364905 -0.005,
                    -0.000160696902422 -0.00870848888922 -0.005,
                    -0.00019151111078 -0.00873930309758 -0.005,
                    -0.000216506350946 -0.008775 -0.005,
                    -0.000234923155196 -0.00881449496417 -0.005,
                    -0.000246201938253 -0.00885658795558 -0.005,
                    -0.00025 -0.0089 -0.005,
                    -0.000246201938253 -0.00894341204442 -0.005,
                    -0.000234923155196 -0.00898550503583 -0.005,
                    -0.000216506350946 -0.009025 -0.005,
                    -0.00019151111078 -0.00906069690242 -0.005,
                    -0.000160696902422 -0.00909151111078 -0.005,
                    -0.000125 -0.00911650635095 -0.005,
                    -8.55050358314e-05 -0.0091349231552 -0.005,
                    -4.34120444167e-05 -0.00914620193825 -0.005,
                    -4.5924254968e-20 -0.00915 -0.005,
                    4.34120444167e-05 -0.00914620193825 -0.005,
                    8.55050358314e-05 -0.0091349231552 -0.005,
                    0.000125 -0.00911650635095 -0.005,
                    0.000160696902422 -0.00909151111078 -0.005,
                    0.00019151111078 -0.00906069690242 -0.005,
                    0.000216506350946 -0.009025 -0.005,
                    0.000234923155196 -0.00898550503583 -0.005,
                    0.000246201938253 -0.00894341204442 -0.005

                  ]
                }
                normal Normal {
                  vector [
                    1 0 0,
                    0.98480773 -0.17364818 0,
                    0.93969262 -0.34202015 0,
                    0.86602539 -0.5 0,
                    0.76604444 -0.64278764 0,
                    0.64278764 -0.76604444 0,
                    0.5 -0.86602539 0,
                    0.34202015 -0.93969262 0,
                    0.17364818 -0.98480773 0,
                    -1.8369701e-16 -1 0,
                    -0.17364818 -0.98480773 0,
                    -0.34202015 -0.93969262 0,
                    -0.5 -0.86602539 0,
                    -0.64278764 -0.76604444 0,
                    -0.76604444 -0.64278764 0,
                    -0.86602539 -0.5 0,
                    -0.93969262 -0.34202015 0,
                    -0.98480773 -0.17364818 0,
                    -1 0 0,
                    -0.98480773 0.17364818 0,
                    -0.93969262 0.34202015 0,
                    -0.86602539 0.5 0,
                    -0.76604444 0.64278764 0,
                    -0.64278764 0.76604444 0,
                    -0.5 0.86602539 0,
                    -0.34202015 0.93969262 0,
                    -0.17364818 0.98480773 0,
                    6.1232343e-17 1 0,
                    0.17364818 0.98480773 0,
                    0.34202015 0.93969262 0,
                    0.5 0.86602539 0,
                    0.64278764 0.76604444 0,
                    0.76604444 0.64278764 0,
                    0.86602539 0.5 0,
                    0.93969262 0.34202015 0,
                    0.98480773 0.17364818 0,
                    1 0 0,
                    1 0 0,
                    0.98480773 0.17364818 0,
                    0.93969262 0.34202015 0,
                    0.86602539 0.5 0,
                    0.76604444 0.64278764 0,
                    0.64278764 0.76604444 0,
                    0.5 0.86602539 0,
                    0.34202015 0.93969262 0,
                    0.17364818 0.98480773 0,
                    6.1232343e-17 1 0,
                    -0.17364818 0.98480773 0,
                    -0.34202015 0.93969262 0,
                    -0.5 0.86602539 0,
                    -0.64278764 0.76604444 0,
                    -0.76604444 0.64278764 0,
                    -0.86602539 0.5 0,
                    -0.93969262 0.34202015 0,
                    -0.98480773 0.17364818 0,
                    -1 0 0,
                    -0.98480773 -0.17364818 0,
                    -0.93969262 -0.34202015 0,
                    -0.86602539 -0.5 0,
                    -0.76604444 -0.64278764 0,
                    -0.64278764 -0.76604444 0,
                    -0.5 -0.86602539 0,
                    -0.34202015 -0.93969262 0,
                    -0.17364818 -0.98480773 0,
                    -1.8369701e-16 -1 0,
                    0.17364818 -0.98480773 0,
                    0.34202015 -0.93969262 0,
                    0.5 -0.86602539 0,
                    0.64278764 -0.76604444 0,
                    0.76604444 -0.64278764 0,
                    0.86602539 -0.5 0,
                    0.93969262 -0.34202015 0,
                    0.98480773 -0.17364818 0,
                    1 0 0,
                    0 0 1,
                    0 0 1,
                    0 0 1,
                    0 0 1,
                    0 0 1,
                    0 0 1,
                    0 0 1,
                    0 0 1,
                    0 0 1,
                    0 0 1,
                    0 0 1,
                    0 0 1,
                    0 0 1,
                    0 0 1,
                    0 0 1,
                    0 0 1,
                    0 0 1,
                    0 0 1,
                    0 0 1,
                    0 0 1,
                    0 0 1,
                    0 0 1,
                    0 0 1,
                    0 0 1,
                    0 0 1,
                    0 0 1,
                    0 0 1,
                    0 0 1,
                    0 0 1,
                    0 0 1,
                    0 0 1,
                    0 0 1,
                    0 0 1,
                    0 0 1,
                    0 0 1,
                    0 0 1,
                    -0 -0 -1,
                    -0 -0 -1,
                    -0 -0 -1,
                    -0 -0 -1,
                    -0 -0 -1,
                    -0 -0 -1,
                    -0 -0 -1,
                    -0 -0 -1,
                    -0 -0 -1,
                    -0 -0 -1,
                    -0 -0 -1,
                    -0 -0 -1,
                    -0 -0 -1,
                    -0 -0 -1,
                    -0 -0 -1,
                    -0 -0 -1,
                    -0 -0 -1,
                    -0 -0 -1,
                    -0 -0 -1,
                    -0 -0 -1,
                    -0 -0 -1,
                    -0 -0 -1,
                    -0 -0 -1,
                    -0 -0 -1,
                    -0 -0 -1,
                    -0 -0 -1,
                    -0 -0 -1,
                    -0 -0 -1,
                    -0 -0 -1,
                    -0 -0 -1,
                    -0 -0 -1,
                    -0 -0 -1,
                    -0 -0 -1,
                    -0 -0 -1,
                    -0 -0 -1,
                    -0 -0 -1

                  ]
                }
                coordIndex [
                  71 0 36 -1 
                  70 36 35 -1 
                  69 35 34 -1 
                  68 34 33 -1 
                  67 33 32 -1 
                  29 64 30 -1 
                  28 63 29 -1 
                  27 62 28 -1 
                  26 61 27 -1 
                  25 60 26 -1 
                  24 59 25 -1 
                  23 58 24 -1 
                  22 57 23 -1 
                  21 56 22 -1 
                  20 55 21 -1 
                  19 54 20 -1 
                  18 53 19 -1 
                  17 52 18 -1 
                  16 51 17 -1 
                  15 50 16 -1 
                  14 49 15 -1 
                  13 48 14 -1 
                  12 47 13 -1 
                  11 46 12 -1 
                  10 45 11 -1 
                  9 44 10 -1 
                  8 43 9 -1 
                  7 42 8 -1 
                  6 41 7 -1 
                  5 40 6 -1 
                  4 39 5 -1 
                  3 38 4 -1 
                  2 37 3 -1 
                  0 1 2 -1 
                  66 32 31 -1 
                  65 31 30 -1 
                  37 2 1 -1 
                  38 3 37 -1 
                  39 4 38 -1 
                  40 5 39 -1 
                  41 6 40 -1 
                  42 7 41 -1 
                  43 8 42 -1 
                  44 9 43 -1 
                  45 10 44 -1 
                  46 11 45 -1 
                  47 12 46 -1 
                  48 13 47 -1 
                  49 14 48 -1 
                  50 15 49 -1 
                  51 16 50 -1 
                  52 17 51 -1 
                  53 18 52 -1 
                  54 19 53 -1 
                  55 20 54 -1 
                  56 21 55 -1 
                  57 22 56 -1 
                  58 23 57 -1 
                  59 24 58 -1 
                  60 25 59 -1 
                  61 26 60 -1 
                  62 27 61 -1 
                  63 28 62 -1 
                  64 29 63 -1 
                  65 30 64 -1 
                  66 31 65 -1 
                  67 32 66 -1 
                  68 33 67 -1 
                  69 34 68 -1 
                  70 35 69 -1 
                  71 36 70 -1 
                  1 0 71 -1 
                  3 0 2 -1 
                  4 0 3 -1 
                  5 0 4 -1 
                  6 0 5 -1 
                  7 0 6 -1 
                  8 0 7 -1 
                  9 0 8 -1 
                  10 0 9 -1 
                  11 0 10 -1 
                  12 0 11 -1 
                  13 0 12 -1 
                  14 0 13 -1 
                  15 0 14 -1 
                  16 0 15 -1 
                  17 0 16 -1 
                  18 0 17 -1 
                  19 0 18 -1 
                  20 0 19 -1 
                  21 0 20 -1 
                  22 0 21 -1 
                  23 0 22 -1 
                  24 0 23 -1 
                  25 0 24 -1 
                  26 0 25 -1 
                  27 0 26 -1 
                  28 0 27 -1 
                  29 0 28 -1 
                  30 0 29 -1 
                  31 0 30 -1 
                  32 0 31 -1 
                  33 0 32 -1 
                  34 0 33 -1 
                  35 0 34 -1 
                  36 0 35 -1 
                  38 37 1 -1 
                  39 38 1 -1 
                  40 39 1 -1 
                  41 40 1 -1 
                  42 41 1 -1 
                  43 42 1 -1 
                  44 43 1 -1 
                  45 44 1 -1 
                  46 45 1 -1 
                  47 46 1 -1 
                  48 47 1 -1 
                  49 48 1 -1 
                  50 49 1 -1 
                  51 50 1 -1 
                  52 51 1 -1 
                  53 52 1 -1 
                  54 53 1 -1 
                  55 54 1 -1 
                  56 55 1 -1 
                  57 56 1 -1 
                  58 57 1 -1 
                  59 58 1 -1 
                  60 59 1 -1 
                  61 60 1 -1 
                  62 61 1 -1 
                  63 62 1 -1 
                  64 63 1 -1 
                  65 64 1 -1 
                  66 65 1 -1 
                  67 66 1 -1 
                  68 67 1 -1 
                  69 68 1 -1 
                  70 69 1 -1 
                  71 70 1 -1 
                ]
                normalIndex [
                  72 0 1 -1 
                  71 1 2 -1 
                  70 2 3 -1 
                  69 3 4 -1 
                  68 4 5 -1 
                  8 65 7 -1 
                  9 64 8 -1 
                  10 63 9 -1 
                  11 62 10 -1 
                  12 61 11 -1 
                  13 60 12 -1 
                  14 59 13 -1 
                  15 58 14 -1 
                  16 57 15 -1 
                  17 56 16 -1 
                  18 55 17 -1 
                  19 54 18 -1 
                  20 53 19 -1 
                  21 52 20 -1 
                  22 51 21 -1 
                  23 50 22 -1 
                  24 49 23 -1 
                  25 48 24 -1 
                  26 47 25 -1 
                  27 46 26 -1 
                  28 45 27 -1 
                  29 44 28 -1 
                  30 43 29 -1 
                  31 42 30 -1 
                  32 41 31 -1 
                  33 40 32 -1 
                  34 39 33 -1 
                  35 38 34 -1 
                  36 37 35 -1 
                  67 5 6 -1 
                  66 6 7 -1 
                  38 35 37 -1 
                  39 34 38 -1 
                  40 33 39 -1 
                  41 32 40 -1 
                  42 31 41 -1 
                  43 30 42 -1 
                  44 29 43 -1 
                  45 28 44 -1 
                  46 27 45 -1 
                  47 26 46 -1 
                  48 25 47 -1 
                  49 24 48 -1 
                  50 23 49 -1 
                  51 22 50 -1 
                  52 21 51 -1 
                  53 20 52 -1 
                  54 19 53 -1 
                  55 18 54 -1 
                  56 17 55 -1 
                  57 16 56 -1 
                  58 15 57 -1 
                  59 14 58 -1 
                  60 13 59 -1 
                  61 12 60 -1 
                  62 11 61 -1 
                  63 10 62 -1 
                  64 9 63 -1 
                  65 8 64 -1 
                  66 7 65 -1 
                  67 6 66 -1 
                  68 5 67 -1 
                  69 4 68 -1 
                  70 3 69 -1 
                  71 2 70 -1 
                  72 1 71 -1 
                  73 0 72 -1 
                  76 74 75 -1 
                  77 74 76 -1 
                  78 74 77 -1 
                  79 74 78 -1 
                  80 74 79 -1 
                  81 74 80 -1 
                  82 74 81 -1 
                  83 74 82 -1 
                  84 74 83 -1 
                  85 74 84 -1 
                  86 74 85 -1 
                  87 74 86 -1 
                  88 74 87 -1 
                  89 74 88 -1 
                  90 74 89 -1 
                  91 74 90 -1 
                  92 74 91 -1 
                  93 74 92 -1 
                  94 74 93 -1 
                  95 74 94 -1 
                  96 74 95 -1 
                  97 74 96 -1 
                  98 74 97 -1 
                  99 74 98 -1 
                  100 74 99 -1 
                  101 74 100 -1 
                  102 74 101 -1 
                  103 74 102 -1 
                  104 74 103 -1 
                  105 74 104 -1 
                  106 74 105 -1 
                  107 74 106 -1 
                  108 74 107 -1 
                  109 74 108 -1 
                  112 111 110 -1 
                  113 112 110 -1 
                  114 113 110 -1 
                  115 114 110 -1 
                  116 115 110 -1 
                  117 116 110 -1 
                  118 117 110 -1 
                  119 118 110 -1 
                  120 119 110 -1 
                  121 120 110 -1 
                  122 121 110 -1 
                  123 122 110 -1 
                  124 123 110 -1 
                  125 124 110 -1 
                  126 125 110 -1 
                  127 126 110 -1 
                  128 127 110 -1 
                  129 128 110 -1 
                  130 129 110 -1 
                  131 130 110 -1 
                  132 131 110 -1 
                  133 132 110 -1 
                  134 133 110 -1 
                  135 134 110 -1 
                  136 135 110 -1 
                  137 136 110 -1 
                  138 137 110 -1 
                  139 138 110 -1 
                  140 139 110 -1 
                  141 140 110 -1 
                  142 141 110 -1 
                  143 142 110 -1 
                  144 143 110 -1 
                  145 144 110 -1 
                ]
              }
            }
            DEF Leads_7 Shape {
              appearance DEF __35 Appearance {
                material DEF __36 Material {
                  ambientIntensity 0.260947436094
                  diffuseColor 0.73400002718 0.773000001907 0.79699999094
                  shininess 0
                }
              }
              geometry DEF __37 IndexedFaceSet {
                solid FALSE
                coord Coordinate {
                  point [
                    0.00025 -0.01068 0.0001,
                    0.00025 -0.01068 -0.005,
                    0.000246201938253 -0.0106365879556 0.0001,
                    0.000234923155196 -0.0105944949642 0.0001,
                    0.000216506350946 -0.010555 0.0001,
                    0.00019151111078 -0.0105193030976 0.0001,
                    0.000160696902422 -0.0104884888892 0.0001,
                    0.000125 -0.0104634936491 0.0001,
                    8.55050358314e-05 -0.0104450768448 0.0001,
                    4.34120444167e-05 -0.0104337980617 0.0001,
                    1.53080849893e-20 -0.01043 0.0001,
                    -4.34120444167e-05 -0.0104337980617 0.0001,
                    -8.55050358314e-05 -0.0104450768448 0.0001,
                    -0.000125 -0.0104634936491 0.0001,
                    -0.000160696902422 -0.0104884888892 0.0001,
                    -0.00019151111078 -0.0105193030976 0.0001,
                    -0.000216506350946 -0.010555 0.0001,
                    -0.000234923155196 -0.0105944949642 0.0001,
                    -0.000246201938253 -0.0106365879556 0.0001,
                    -0.00025 -0.01068 0.0001,
                    -0.000246201938253 -0.0107234120444 0.0001,
                    -0.000234923155196 -0.0107655050358 0.0001,
                    -0.000216506350946 -0.010805 0.0001,
                    -0.00019151111078 -0.0108406969024 0.0001,
                    -0.000160696902422 -0.0108715111108 0.0001,
                    -0.000125 -0.0108965063509 0.0001,
                    -8.55050358314e-05 -0.0109149231552 0.0001,
                    -4.34120444167e-05 -0.0109262019383 0.0001,
                    -4.5924254968e-20 -0.01093 0.0001,
                    4.34120444167e-05 -0.0109262019383 0.0001,
                    8.55050358314e-05 -0.0109149231552 0.0001,
                    0.000125 -0.0108965063509 0.0001,
                    0.000160696902422 -0.0108715111108 0.0001,
                    0.00019151111078 -0.0108406969024 0.0001,
                    0.000216506350946 -0.010805 0.0001,
                    0.000234923155196 -0.0107655050358 0.0001,
                    0.000246201938253 -0.0107234120444 0.0001,
                    0.000246201938253 -0.0106365879556 -0.005,
                    0.000234923155196 -0.0105944949642 -0.005,
                    0.000216506350946 -0.010555 -0.005,
                    0.00019151111078 -0.0105193030976 -0.005,
                    0.000160696902422 -0.0104884888892 -0.005,
                    0.000125 -0.0104634936491 -0.005,
                    8.55050358314e-05 -0.0104450768448 -0.005,
                    4.34120444167e-05 -0.0104337980617 -0.005,
                    1.53080849893e-20 -0.01043 -0.005,
                    -4.34120444167e-05 -0.0104337980617 -0.005,
                    -8.55050358314e-05 -0.0104450768448 -0.005,
                    -0.000125 -0.0104634936491 -0.005,
                    -0.000160696902422 -0.0104884888892 -0.005,
                    -0.00019151111078 -0.0105193030976 -0.005,
                    -0.000216506350946 -0.010555 -0.005,
                    -0.000234923155196 -0.0105944949642 -0.005,
                    -0.000246201938253 -0.0106365879556 -0.005,
                    -0.00025 -0.01068 -0.005,
                    -0.000246201938253 -0.0107234120444 -0.005,
                    -0.000234923155196 -0.0107655050358 -0.005,
                    -0.000216506350946 -0.010805 -0.005,
                    -0.00019151111078 -0.0108406969024 -0.005,
                    -0.000160696902422 -0.0108715111108 -0.005,
                    -0.000125 -0.0108965063509 -0.005,
                    -8.55050358314e-05 -0.0109149231552 -0.005,
                    -4.34120444167e-05 -0.0109262019383 -0.005,
                    -4.5924254968e-20 -0.01093 -0.005,
                    4.34120444167e-05 -0.0109262019383 -0.005,
                    8.55050358314e-05 -0.0109149231552 -0.005,
                    0.000125 -0.0108965063509 -0.005,
                    0.000160696902422 -0.0108715111108 -0.005,
                    0.00019151111078 -0.0108406969024 -0.005,
                    0.000216506350946 -0.010805 -0.005,
                    0.000234923155196 -0.0107655050358 -0.005,
                    0.000246201938253 -0.0107234120444 -0.005

                  ]
                }
                normal Normal {
                  vector [
                    1 0 0,
                    0.98480773 -0.17364818 0,
                    0.93969262 -0.34202015 0,
                    0.86602539 -0.5 0,
                    0.76604444 -0.64278764 0,
                    0.64278764 -0.76604444 0,
                    0.5 -0.86602539 0,
                    0.34202015 -0.93969262 0,
                    0.17364818 -0.98480773 0,
                    -1.8369701e-16 -1 0,
                    -0.17364818 -0.98480773 0,
                    -0.34202015 -0.93969262 0,
                    -0.5 -0.86602539 0,
                    -0.64278764 -0.76604444 0,
                    -0.76604444 -0.64278764 0,
                    -0.86602539 -0.5 0,
                    -0.93969262 -0.34202015 0,
                    -0.98480773 -0.17364818 0,
                    -1 0 0,
                    -0.98480773 0.17364818 0,
                    -0.93969262 0.34202015 0,
                    -0.86602539 0.5 0,
                    -0.76604444 0.64278764 0,
                    -0.64278764 0.76604444 0,
                    -0.5 0.86602539 0,
                    -0.34202015 0.93969262 0,
                    -0.17364818 0.98480773 0,
                    6.1232343e-17 1 0,
                    0.17364818 0.98480773 0,
                    0.34202015 0.93969262 0,
                    0.5 0.86602539 0,
                    0.64278764 0.76604444 0,
                    0.76604444 0.64278764 0,
                    0.86602539 0.5 0,
                    0.93969262 0.34202015 0,
                    0.98480773 0.17364818 0,
                    1 0 0,
                    1 0 0,
                    0.98480773 0.17364818 0,
                    0.93969262 0.34202015 0,
                    0.86602539 0.5 0,
                    0.76604444 0.64278764 0,
                    0.64278764 0.76604444 0,
                    0.5 0.86602539 0,
                    0.34202015 0.93969262 0,
                    0.17364818 0.98480773 0,
                    6.1232343e-17 1 0,
                    -0.17364818 0.98480773 0,
                    -0.34202015 0.93969262 0,
                    -0.5 0.86602539 0,
                    -0.64278764 0.76604444 0,
                    -0.76604444 0.64278764 0,
                    -0.86602539 0.5 0,
                    -0.93969262 0.34202015 0,
                    -0.98480773 0.17364818 0,
                    -1 0 0,
                    -0.98480773 -0.17364818 0,
                    -0.93969262 -0.34202015 0,
                    -0.86602539 -0.5 0,
                    -0.76604444 -0.64278764 0,
                    -0.64278764 -0.76604444 0,
                    -0.5 -0.86602539 0,
                    -0.34202015 -0.93969262 0,
                    -0.17364818 -0.98480773 0,
                    -1.8369701e-16 -1 0,
                    0.17364818 -0.98480773 0,
                    0.34202015 -0.93969262 0,
                    0.5 -0.86602539 0,
                    0.64278764 -0.76604444 0,
                    0.76604444 -0.64278764 0,
                    0.86602539 -0.5 0,
                    0.93969262 -0.34202015 0,
                    0.98480773 -0.17364818 0,
                    1 0 0,
                    0 0 1,
                    0 0 1,
                    0 0 1,
                    0 0 1,
                    0 0 1,
                    0 0 1,
                    0 0 1,
                    0 0 1,
                    0 0 1,
                    0 0 1,
                    0 0 1,
                    0 0 1,
                    0 0 1,
                    0 0 1,
                    0 0 1,
                    0 0 1,
                    0 0 1,
                    0 0 1,
                    0 0 1,
                    0 0 1,
                    0 0 1,
                    0 0 1,
                    0 0 1,
                    0 0 1,
                    0 0 1,
                    0 0 1,
                    0 0 1,
                    0 0 1,
                    0 0 1,
                    0 0 1,
                    0 0 1,
                    0 0 1,
                    0 0 1,
                    0 0 1,
                    0 0 1,
                    0 0 1,
                    -0 -0 -1,
                    -0 -0 -1,
                    -0 -0 -1,
                    -0 -0 -1,
                    -0 -0 -1,
                    -0 -0 -1,
                    -0 -0 -1,
                    -0 -0 -1,
                    -0 -0 -1,
                    -0 -0 -1,
                    -0 -0 -1,
                    -0 -0 -1,
                    -0 -0 -1,
                    -0 -0 -1,
                    -0 -0 -1,
                    -0 -0 -1,
                    -0 -0 -1,
                    -0 -0 -1,
                    -0 -0 -1,
                    -0 -0 -1,
                    -0 -0 -1,
                    -0 -0 -1,
                    -0 -0 -1,
                    -0 -0 -1,
                    -0 -0 -1,
                    -0 -0 -1,
                    -0 -0 -1,
                    -0 -0 -1,
                    -0 -0 -1,
                    -0 -0 -1,
                    -0 -0 -1,
                    -0 -0 -1,
                    -0 -0 -1,
                    -0 -0 -1,
                    -0 -0 -1,
                    -0 -0 -1

                  ]
                }
                coordIndex [
                  71 0 36 -1 
                  70 36 35 -1 
                  69 35 34 -1 
                  68 34 33 -1 
                  67 33 32 -1 
                  29 64 30 -1 
                  28 63 29 -1 
                  27 62 28 -1 
                  26 61 27 -1 
                  25 60 26 -1 
                  24 59 25 -1 
                  23 58 24 -1 
                  22 57 23 -1 
                  21 56 22 -1 
                  20 55 21 -1 
                  19 54 20 -1 
                  18 53 19 -1 
                  17 52 18 -1 
                  16 51 17 -1 
                  15 50 16 -1 
                  14 49 15 -1 
                  13 48 14 -1 
                  12 47 13 -1 
                  11 46 12 -1 
                  10 45 11 -1 
                  9 44 10 -1 
                  8 43 9 -1 
                  7 42 8 -1 
                  6 41 7 -1 
                  5 40 6 -1 
                  4 39 5 -1 
                  3 38 4 -1 
                  2 37 3 -1 
                  0 1 2 -1 
                  66 32 31 -1 
                  65 31 30 -1 
                  37 2 1 -1 
                  38 3 37 -1 
                  39 4 38 -1 
                  40 5 39 -1 
                  41 6 40 -1 
                  42 7 41 -1 
                  43 8 42 -1 
                  44 9 43 -1 
                  45 10 44 -1 
                  46 11 45 -1 
                  47 12 46 -1 
                  48 13 47 -1 
                  49 14 48 -1 
                  50 15 49 -1 
                  51 16 50 -1 
                  52 17 51 -1 
                  53 18 52 -1 
                  54 19 53 -1 
                  55 20 54 -1 
                  56 21 55 -1 
                  57 22 56 -1 
                  58 23 57 -1 
                  59 24 58 -1 
                  60 25 59 -1 
                  61 26 60 -1 
                  62 27 61 -1 
                  63 28 62 -1 
                  64 29 63 -1 
                  65 30 64 -1 
                  66 31 65 -1 
                  67 32 66 -1 
                  68 33 67 -1 
                  69 34 68 -1 
                  70 35 69 -1 
                  71 36 70 -1 
                  1 0 71 -1 
                  3 0 2 -1 
                  4 0 3 -1 
                  5 0 4 -1 
                  6 0 5 -1 
                  7 0 6 -1 
                  8 0 7 -1 
                  9 0 8 -1 
                  10 0 9 -1 
                  11 0 10 -1 
                  12 0 11 -1 
                  13 0 12 -1 
                  14 0 13 -1 
                  15 0 14 -1 
                  16 0 15 -1 
                  17 0 16 -1 
                  18 0 17 -1 
                  19 0 18 -1 
                  20 0 19 -1 
                  21 0 20 -1 
                  22 0 21 -1 
                  23 0 22 -1 
                  24 0 23 -1 
                  25 0 24 -1 
                  26 0 25 -1 
                  27 0 26 -1 
                  28 0 27 -1 
                  29 0 28 -1 
                  30 0 29 -1 
                  31 0 30 -1 
                  32 0 31 -1 
                  33 0 32 -1 
                  34 0 33 -1 
                  35 0 34 -1 
                  36 0 35 -1 
                  38 37 1 -1 
                  39 38 1 -1 
                  40 39 1 -1 
                  41 40 1 -1 
                  42 41 1 -1 
                  43 42 1 -1 
                  44 43 1 -1 
                  45 44 1 -1 
                  46 45 1 -1 
                  47 46 1 -1 
                  48 47 1 -1 
                  49 48 1 -1 
                  50 49 1 -1 
                  51 50 1 -1 
                  52 51 1 -1 
                  53 52 1 -1 
                  54 53 1 -1 
                  55 54 1 -1 
                  56 55 1 -1 
                  57 56 1 -1 
                  58 57 1 -1 
                  59 58 1 -1 
                  60 59 1 -1 
                  61 60 1 -1 
                  62 61 1 -1 
                  63 62 1 -1 
                  64 63 1 -1 
                  65 64 1 -1 
                  66 65 1 -1 
                  67 66 1 -1 
                  68 67 1 -1 
                  69 68 1 -1 
                  70 69 1 -1 
                  71 70 1 -1 
                ]
                normalIndex [
                  72 0 1 -1 
                  71 1 2 -1 
                  70 2 3 -1 
                  69 3 4 -1 
                  68 4 5 -1 
                  8 65 7 -1 
                  9 64 8 -1 
                  10 63 9 -1 
                  11 62 10 -1 
                  12 61 11 -1 
                  13 60 12 -1 
                  14 59 13 -1 
                  15 58 14 -1 
                  16 57 15 -1 
                  17 56 16 -1 
                  18 55 17 -1 
                  19 54 18 -1 
                  20 53 19 -1 
                  21 52 20 -1 
                  22 51 21 -1 
                  23 50 22 -1 
                  24 49 23 -1 
                  25 48 24 -1 
                  26 47 25 -1 
                  27 46 26 -1 
                  28 45 27 -1 
                  29 44 28 -1 
                  30 43 29 -1 
                  31 42 30 -1 
                  32 41 31 -1 
                  33 40 32 -1 
                  34 39 33 -1 
                  35 38 34 -1 
                  36 37 35 -1 
                  67 5 6 -1 
                  66 6 7 -1 
                  38 35 37 -1 
                  39 34 38 -1 
                  40 33 39 -1 
                  41 32 40 -1 
                  42 31 41 -1 
                  43 30 42 -1 
                  44 29 43 -1 
                  45 28 44 -1 
                  46 27 45 -1 
                  47 26 46 -1 
                  48 25 47 -1 
                  49 24 48 -1 
                  50 23 49 -1 
                  51 22 50 -1 
                  52 21 51 -1 
                  53 20 52 -1 
                  54 19 53 -1 
                  55 18 54 -1 
                  56 17 55 -1 
                  57 16 56 -1 
                  58 15 57 -1 
                  59 14 58 -1 
                  60 13 59 -1 
                  61 12 60 -1 
                  62 11 61 -1 
                  63 10 62 -1 
                  64 9 63 -1 
                  65 8 64 -1 
                  66 7 65 -1 
                  67 6 66 -1 
                  68 5 67 -1 
                  69 4 68 -1 
                  70 3 69 -1 
                  71 2 70 -1 
                  72 1 71 -1 
                  73 0 72 -1 
                  76 74 75 -1 
                  77 74 76 -1 
                  78 74 77 -1 
                  79 74 78 -1 
                  80 74 79 -1 
                  81 74 80 -1 
                  82 74 81 -1 
                  83 74 82 -1 
                  84 74 83 -1 
                  85 74 84 -1 
                  86 74 85 -1 
                  87 74 86 -1 
                  88 74 87 -1 
                  89 74 88 -1 
                  90 74 89 -1 
                  91 74 90 -1 
                  92 74 91 -1 
                  93 74 92 -1 
                  94 74 93 -1 
                  95 74 94 -1 
                  96 74 95 -1 
                  97 74 96 -1 
                  98 74 97 -1 
                  99 74 98 -1 
                  100 74 99 -1 
                  101 74 100 -1 
                  102 74 101 -1 
                  103 74 102 -1 
                  104 74 103 -1 
                  105 74 104 -1 
                  106 74 105 -1 
                  107 74 106 -1 
                  108 74 107 -1 
                  109 74 108 -1 
                  112 111 110 -1 
                  113 112 110 -1 
                  114 113 110 -1 
                  115 114 110 -1 
                  116 115 110 -1 
                  117 116 110 -1 
                  118 117 110 -1 
                  119 118 110 -1 
                  120 119 110 -1 
                  121 120 110 -1 
                  122 121 110 -1 
                  123 122 110 -1 
                  124 123 110 -1 
                  125 124 110 -1 
                  126 125 110 -1 
                  127 126 110 -1 
                  128 127 110 -1 
                  129 128 110 -1 
                  130 129 110 -1 
                  131 130 110 -1 
                  132 131 110 -1 
                  133 132 110 -1 
                  134 133 110 -1 
                  135 134 110 -1 
                  136 135 110 -1 
                  137 136 110 -1 
                  138 137 110 -1 
                  139 138 110 -1 
                  140 139 110 -1 
                  141 140 110 -1 
                  142 141 110 -1 
                  143 142 110 -1 
                  144 143 110 -1 
                  145 144 110 -1 
                ]
              }
            }
            DEF Leads_8 Shape {
              appearance DEF __39 Appearance {
                material DEF __40 Material {
                  ambientIntensity 0.260947436094
                  diffuseColor 0.73400002718 0.773000001907 0.79699999094
                  shininess 0
                }
              }
              geometry DEF __41 IndexedFaceSet {
                solid FALSE
                coord Coordinate {
                  point [
                    0.00025 -0.01246 0.0001,
                    0.00025 -0.01246 -0.005,
                    0.000246201938253 -0.0124165879556 0.0001,
                    0.000234923155196 -0.0123744949642 0.0001,
                    0.000216506350946 -0.012335 0.0001,
                    0.00019151111078 -0.0122993030976 0.0001,
                    0.000160696902422 -0.0122684888892 0.0001,
                    0.000125 -0.0122434936491 0.0001,
                    8.55050358314e-05 -0.0122250768448 0.0001,
                    4.34120444167e-05 -0.0122137980617 0.0001,
                    1.53080849893e-20 -0.01221 0.0001,
                    -4.34120444167e-05 -0.0122137980617 0.0001,
                    -8.55050358314e-05 -0.0122250768448 0.0001,
                    -0.000125 -0.0122434936491 0.0001,
                    -0.000160696902422 -0.0122684888892 0.0001,
                    -0.00019151111078 -0.0122993030976 0.0001,
                    -0.000216506350946 -0.012335 0.0001,
                    -0.000234923155196 -0.0123744949642 0.0001,
                    -0.000246201938253 -0.0124165879556 0.0001,
                    -0.00025 -0.01246 0.0001,
                    -0.000246201938253 -0.0125034120444 0.0001,
                    -0.000234923155196 -0.0125455050358 0.0001,
                    -0.000216506350946 -0.012585 0.0001,
                    -0.00019151111078 -0.0126206969024 0.0001,
                    -0.000160696902422 -0.0126515111108 0.0001,
                    -0.000125 -0.0126765063509 0.0001,
                    -8.55050358314e-05 -0.0126949231552 0.0001,
                    -4.34120444167e-05 -0.0127062019383 0.0001,
                    -4.5924254968e-20 -0.01271 0.0001,
                    4.34120444167e-05 -0.0127062019383 0.0001,
                    8.55050358314e-05 -0.0126949231552 0.0001,
                    0.000125 -0.0126765063509 0.0001,
                    0.000160696902422 -0.0126515111108 0.0001,
                    0.00019151111078 -0.0126206969024 0.0001,
                    0.000216506350946 -0.012585 0.0001,
                    0.000234923155196 -0.0125455050358 0.0001,
                    0.000246201938253 -0.0125034120444 0.0001,
                    0.000246201938253 -0.0124165879556 -0.005,
                    0.000234923155196 -0.0123744949642 -0.005,
                    0.000216506350946 -0.012335 -0.005,
                    0.00019151111078 -0.0122993030976 -0.005,
                    0.000160696902422 -0.0122684888892 -0.005,
                    0.000125 -0.0122434936491 -0.005,
                    8.55050358314e-05 -0.0122250768448 -0.005,
                    4.34120444167e-05 -0.0122137980617 -0.005,
                    1.53080849893e-20 -0.01221 -0.005,
                    -4.34120444167e-05 -0.0122137980617 -0.005,
                    -8.55050358314e-05 -0.0122250768448 -0.005,
                    -0.000125 -0.0122434936491 -0.005,
                    -0.000160696902422 -0.0122684888892 -0.005,
                    -0.00019151111078 -0.0122993030976 -0.005,
                    -0.000216506350946 -0.012335 -0.005,
                    -0.000234923155196 -0.0123744949642 -0.005,
                    -0.000246201938253 -0.0124165879556 -0.005,
                    -0.00025 -0.01246 -0.005,
                    -0.000246201938253 -0.0125034120444 -0.005,
                    -0.000234923155196 -0.0125455050358 -0.005,
                    -0.000216506350946 -0.012585 -0.005,
                    -0.00019151111078 -0.0126206969024 -0.005,
                    -0.000160696902422 -0.0126515111108 -0.005,
                    -0.000125 -0.0126765063509 -0.005,
                    -8.55050358314e-05 -0.0126949231552 -0.005,
                    -4.34120444167e-05 -0.0127062019383 -0.005,
                    -4.5924254968e-20 -0.01271 -0.005,
                    4.34120444167e-05 -0.0127062019383 -0.005,
                    8.55050358314e-05 -0.0126949231552 -0.005,
                    0.000125 -0.0126765063509 -0.005,
                    0.000160696902422 -0.0126515111108 -0.005,
                    0.00019151111078 -0.0126206969024 -0.005,
                    0.000216506350946 -0.012585 -0.005,
                    0.000234923155196 -0.0125455050358 -0.005,
                    0.000246201938253 -0.0125034120444 -0.005

                  ]
                }
                normal Normal {
                  vector [
                    1 0 0,
                    0.98480773 -0.17364818 0,
                    0.93969262 -0.34202015 0,
                    0.86602539 -0.5 0,
                    0.76604444 -0.64278764 0,
                    0.64278764 -0.76604444 0,
                    0.5 -0.86602539 0,
                    0.34202015 -0.93969262 0,
                    0.17364818 -0.98480773 0,
                    -1.8369701e-16 -1 0,
                    -0.17364818 -0.98480773 0,
                    -0.34202015 -0.93969262 0,
                    -0.5 -0.86602539 0,
                    -0.64278764 -0.76604444 0,
                    -0.76604444 -0.64278764 0,
                    -0.86602539 -0.5 0,
                    -0.93969262 -0.34202015 0,
                    -0.98480773 -0.17364818 0,
                    -1 0 0,
                    -0.98480773 0.17364818 0,
                    -0.93969262 0.34202015 0,
                    -0.86602539 0.5 0,
                    -0.76604444 0.64278764 0,
                    -0.64278764 0.76604444 0,
                    -0.5 0.86602539 0,
                    -0.34202015 0.93969262 0,
                    -0.17364818 0.98480773 0,
                    6.1232343e-17 1 0,
                    0.17364818 0.98480773 0,
                    0.34202015 0.93969262 0,
                    0.5 0.86602539 0,
                    0.64278764 0.76604444 0,
                    0.76604444 0.64278764 0,
                    0.86602539 0.5 0,
                    0.93969262 0.34202015 0,
                    0.98480773 0.17364818 0,
                    1 0 0,
                    1 0 0,
                    0.98480773 0.17364818 0,
                    0.93969262 0.34202015 0,
                    0.86602539 0.5 0,
                    0.76604444 0.64278764 0,
                    0.64278764 0.76604444 0,
                    0.5 0.86602539 0,
                    0.34202015 0.93969262 0,
                    0.17364818 0.98480773 0,
                    6.1232343e-17 1 0,
                    -0.17364818 0.98480773 0,
                    -0.34202015 0.93969262 0,
                    -0.5 0.86602539 0,
                    -0.64278764 0.76604444 0,
                    -0.76604444 0.64278764 0,
                    -0.86602539 0.5 0,
                    -0.93969262 0.34202015 0,
                    -0.98480773 0.17364818 0,
                    -1 0 0,
                    -0.98480773 -0.17364818 0,
                    -0.93969262 -0.34202015 0,
                    -0.86602539 -0.5 0,
                    -0.76604444 -0.64278764 0,
                    -0.64278764 -0.76604444 0,
                    -0.5 -0.86602539 0,
                    -0.34202015 -0.93969262 0,
                    -0.17364818 -0.98480773 0,
                    -1.8369701e-16 -1 0,
                    0.17364818 -0.98480773 0,
                    0.34202015 -0.93969262 0,
                    0.5 -0.86602539 0,
                    0.64278764 -0.76604444 0,
                    0.76604444 -0.64278764 0,
                    0.86602539 -0.5 0,
                    0.93969262 -0.34202015 0,
                    0.98480773 -0.17364818 0,
                    1 0 0,
                    0 0 1,
                    0 0 1,
                    0 0 1,
                    0 0 1,
                    0 0 1,
                    0 0 1,
                    0 0 1,
                    0 0 1,
                    0 0 1,
                    0 0 1,
                    0 0 1,
                    0 0 1,
                    0 0 1,
                    0 0 1,
                    0 0 1,
                    0 0 1,
                    0 0 1,
                    0 0 1,
                    0 0 1,
                    0 0 1,
                    0 0 1,
                    0 0 1,
                    0 0 1,
                    0 0 1,
                    0 0 1,
                    0 0 1,
                    0 0 1,
                    0 0 1,
                    0 0 1,
                    0 0 1,
                    0 0 1,
                    0 0 1,
                    0 0 1,
                    0 0 1,
                    0 0 1,
                    0 0 1,
                    -0 -0 -1,
                    -0 -0 -1,
                    -0 -0 -1,
                    -0 -0 -1,
                    -0 -0 -1,
                    -0 -0 -1,
                    -0 -0 -1,
                    -0 -0 -1,
                    -0 -0 -1,
                    -0 -0 -1,
                    -0 -0 -1,
                    -0 -0 -1,
                    -0 -0 -1,
                    -0 -0 -1,
                    -0 -0 -1,
                    -0 -0 -1,
                    -0 -0 -1,
                    -0 -0 -1,
                    -0 -0 -1,
                    -0 -0 -1,
                    -0 -0 -1,
                    -0 -0 -1,
                    -0 -0 -1,
                    -0 -0 -1,
                    -0 -0 -1,
                    -0 -0 -1,
                    -0 -0 -1,
                    -0 -0 -1,
                    -0 -0 -1,
                    -0 -0 -1,
                    -0 -0 -1,
                    -0 -0 -1,
                    -0 -0 -1,
                    -0 -0 -1,
                    -0 -0 -1,
                    -0 -0 -1

                  ]
                }
                coordIndex [
                  71 0 36 -1 
                  70 36 35 -1 
                  69 35 34 -1 
                  68 34 33 -1 
                  67 33 32 -1 
                  29 64 30 -1 
                  28 63 29 -1 
                  27 62 28 -1 
                  26 61 27 -1 
                  25 60 26 -1 
                  24 59 25 -1 
                  23 58 24 -1 
                  22 57 23 -1 
                  21 56 22 -1 
                  20 55 21 -1 
                  19 54 20 -1 
                  18 53 19 -1 
                  17 52 18 -1 
                  16 51 17 -1 
                  15 50 16 -1 
                  14 49 15 -1 
                  13 48 14 -1 
                  12 47 13 -1 
                  11 46 12 -1 
                  10 45 11 -1 
                  9 44 10 -1 
                  8 43 9 -1 
                  7 42 8 -1 
                  6 41 7 -1 
                  5 40 6 -1 
                  4 39 5 -1 
                  3 38 4 -1 
                  2 37 3 -1 
                  0 1 2 -1 
                  66 32 31 -1 
                  65 31 30 -1 
                  37 2 1 -1 
                  38 3 37 -1 
                  39 4 38 -1 
                  40 5 39 -1 
                  41 6 40 -1 
                  42 7 41 -1 
                  43 8 42 -1 
                  44 9 43 -1 
                  45 10 44 -1 
                  46 11 45 -1 
                  47 12 46 -1 
                  48 13 47 -1 
                  49 14 48 -1 
                  50 15 49 -1 
                  51 16 50 -1 
                  52 17 51 -1 
                  53 18 52 -1 
                  54 19 53 -1 
                  55 20 54 -1 
                  56 21 55 -1 
                  57 22 56 -1 
                  58 23 57 -1 
                  59 24 58 -1 
                  60 25 59 -1 
                  61 26 60 -1 
                  62 27 61 -1 
                  63 28 62 -1 
                  64 29 63 -1 
                  65 30 64 -1 
                  66 31 65 -1 
                  67 32 66 -1 
                  68 33 67 -1 
                  69 34 68 -1 
                  70 35 69 -1 
                  71 36 70 -1 
                  1 0 71 -1 
                  3 0 2 -1 
                  4 0 3 -1 
                  5 0 4 -1 
                  6 0 5 -1 
                  7 0 6 -1 
                  8 0 7 -1 
                  9 0 8 -1 
                  10 0 9 -1 
                  11 0 10 -1 
                  12 0 11 -1 
                  13 0 12 -1 
                  14 0 13 -1 
                  15 0 14 -1 
                  16 0 15 -1 
                  17 0 16 -1 
                  18 0 17 -1 
                  19 0 18 -1 
                  20 0 19 -1 
                  21 0 20 -1 
                  22 0 21 -1 
                  23 0 22 -1 
                  24 0 23 -1 
                  25 0 24 -1 
                  26 0 25 -1 
                  27 0 26 -1 
                  28 0 27 -1 
                  29 0 28 -1 
                  30 0 29 -1 
                  31 0 30 -1 
                  32 0 31 -1 
                  33 0 32 -1 
                  34 0 33 -1 
                  35 0 34 -1 
                  36 0 35 -1 
                  38 37 1 -1 
                  39 38 1 -1 
                  40 39 1 -1 
                  41 40 1 -1 
                  42 41 1 -1 
                  43 42 1 -1 
                  44 43 1 -1 
                  45 44 1 -1 
                  46 45 1 -1 
                  47 46 1 -1 
                  48 47 1 -1 
                  49 48 1 -1 
                  50 49 1 -1 
                  51 50 1 -1 
                  52 51 1 -1 
                  53 52 1 -1 
                  54 53 1 -1 
                  55 54 1 -1 
                  56 55 1 -1 
                  57 56 1 -1 
                  58 57 1 -1 
                  59 58 1 -1 
                  60 59 1 -1 
                  61 60 1 -1 
                  62 61 1 -1 
                  63 62 1 -1 
                  64 63 1 -1 
                  65 64 1 -1 
                  66 65 1 -1 
                  67 66 1 -1 
                  68 67 1 -1 
                  69 68 1 -1 
                  70 69 1 -1 
                  71 70 1 -1 
                ]
                normalIndex [
                  72 0 1 -1 
                  71 1 2 -1 
                  70 2 3 -1 
                  69 3 4 -1 
                  68 4 5 -1 
                  8 65 7 -1 
                  9 64 8 -1 
                  10 63 9 -1 
                  11 62 10 -1 
                  12 61 11 -1 
                  13 60 12 -1 
                  14 59 13 -1 
                  15 58 14 -1 
                  16 57 15 -1 
                  17 56 16 -1 
                  18 55 17 -1 
                  19 54 18 -1 
                  20 53 19 -1 
                  21 52 20 -1 
                  22 51 21 -1 
                  23 50 22 -1 
                  24 49 23 -1 
                  25 48 24 -1 
                  26 47 25 -1 
                  27 46 26 -1 
                  28 45 27 -1 
                  29 44 28 -1 
                  30 43 29 -1 
                  31 42 30 -1 
                  32 41 31 -1 
                  33 40 32 -1 
                  34 39 33 -1 
                  35 38 34 -1 
                  36 37 35 -1 
                  67 5 6 -1 
                  66 6 7 -1 
                  38 35 37 -1 
                  39 34 38 -1 
                  40 33 39 -1 
                  41 32 40 -1 
                  42 31 41 -1 
                  43 30 42 -1 
                  44 29 43 -1 
                  45 28 44 -1 
                  46 27 45 -1 
                  47 26 46 -1 
                  48 25 47 -1 
                  49 24 48 -1 
                  50 23 49 -1 
                  51 22 50 -1 
                  52 21 51 -1 
                  53 20 52 -1 
                  54 19 53 -1 
                  55 18 54 -1 
                  56 17 55 -1 
                  57 16 56 -1 
                  58 15 57 -1 
                  59 14 58 -1 
                  60 13 59 -1 
                  61 12 60 -1 
                  62 11 61 -1 
                  63 10 62 -1 
                  64 9 63 -1 
                  65 8 64 -1 
                  66 7 65 -1 
                  67 6 66 -1 
                  68 5 67 -1 
                  69 4 68 -1 
                  70 3 69 -1 
                  71 2 70 -1 
                  72 1 71 -1 
                  73 0 72 -1 
                  76 74 75 -1 
                  77 74 76 -1 
                  78 74 77 -1 
                  79 74 78 -1 
                  80 74 79 -1 
                  81 74 80 -1 
                  82 74 81 -1 
                  83 74 82 -1 
                  84 74 83 -1 
                  85 74 84 -1 
                  86 74 85 -1 
                  87 74 86 -1 
                  88 74 87 -1 
                  89 74 88 -1 
                  90 74 89 -1 
                  91 74 90 -1 
                  92 74 91 -1 
                  93 74 92 -1 
                  94 74 93 -1 
                  95 74 94 -1 
                  96 74 95 -1 
                  97 74 96 -1 
                  98 74 97 -1 
                  99 74 98 -1 
                  100 74 99 -1 
                  101 74 100 -1 
                  102 74 101 -1 
                  103 74 102 -1 
                  104 74 103 -1 
                  105 74 104 -1 
                  106 74 105 -1 
                  107 74 106 -1 
                  108 74 107 -1 
                  109 74 108 -1 
                  112 111 110 -1 
                  113 112 110 -1 
                  114 113 110 -1 
                  115 114 110 -1 
                  116 115 110 -1 
                  117 116 110 -1 
                  118 117 110 -1 
                  119 118 110 -1 
                  120 119 110 -1 
                  121 120 110 -1 
                  122 121 110 -1 
                  123 122 110 -1 
                  124 123 110 -1 
                  125 124 110 -1 
                  126 125 110 -1 
                  127 126 110 -1 
                  128 127 110 -1 
                  129 128 110 -1 
                  130 129 110 -1 
                  131 130 110 -1 
                  132 131 110 -1 
                  133 132 110 -1 
                  134 133 110 -1 
                  135 134 110 -1 
                  136 135 110 -1 
                  137 136 110 -1 
                  138 137 110 -1 
                  139 138 110 -1 
                  140 139 110 -1 
                  141 140 110 -1 
                  142 141 110 -1 
                  143 142 110 -1 
                  144 143 110 -1 
                  145 144 110 -1 
                ]
              }
            }
            DEF Leads_9 Shape {
              appearance DEF __43 Appearance {
                material DEF __44 Material {
                  ambientIntensity 0.260947436094
                  diffuseColor 0.73400002718 0.773000001907 0.79699999094
                  shininess 0
                }
              }
              geometry DEF __45 IndexedFaceSet {
                solid FALSE
                coord Coordinate {
                  point [
                    0.01095 -0.01335 0.0001,
                    0.01095 -0.01335 -0.005,
                    0.0109462019383 -0.0133065879556 0.0001,
                    0.0109349231552 -0.0132644949642 0.0001,
                    0.0109165063509 -0.013225 0.0001,
                    0.0108915111108 -0.0131893030976 0.0001,
                    0.0108606969024 -0.0131584888892 0.0001,
                    0.010825 -0.0131334936491 0.0001,
                    0.0107855050358 -0.0131150768448 0.0001,
                    0.0107434120444 -0.0131037980617 0.0001,
                    0.0107 -0.0131 0.0001,
                    0.0106565879556 -0.0131037980617 0.0001,
                    0.0106144949642 -0.0131150768448 0.0001,
                    0.010575 -0.0131334936491 0.0001,
                    0.0105393030976 -0.0131584888892 0.0001,
                    0.0105084888892 -0.0131893030976 0.0001,
                    0.0104834936491 -0.013225 0.0001,
                    0.0104650768448 -0.0132644949642 0.0001,
                    0.0104537980617 -0.0133065879556 0.0001,
                    0.01045 -0.01335 0.0001,
                    0.0104537980617 -0.0133934120444 0.0001,
                    0.0104650768448 -0.0134355050358 0.0001,
                    0.0104834936491 -0.013475 0.0001,
                    0.0105084888892 -0.0135106969024 0.0001,
                    0.0105393030976 -0.0135415111108 0.0001,
                    0.010575 -0.0135665063509 0.0001,
                    0.0106144949642 -0.0135849231552 0.0001,
                    0.0106565879556 -0.0135962019383 0.0001,
                    0.0107 -0.0136 0.0001,
                    0.0107434120444 -0.0135962019383 0.0001,
                    0.0107855050358 -0.0135849231552 0.0001,
                    0.010825 -0.0135665063509 0.0001,
                    0.0108606969024 -0.0135415111108 0.0001,
                    0.0108915111108 -0.0135106969024 0.0001,
                    0.0109165063509 -0.013475 0.0001,
                    0.0109349231552 -0.0134355050358 0.0001,
                    0.0109462019383 -0.0133934120444 0.0001,
                    0.0109462019383 -0.0133065879556 -0.005,
                    0.0109349231552 -0.0132644949642 -0.005,
                    0.0109165063509 -0.013225 -0.005,
                    0.0108915111108 -0.0131893030976 -0.005,
                    0.0108606969024 -0.0131584888892 -0.005,
                    0.010825 -0.0131334936491 -0.005,
                    0.0107855050358 -0.0131150768448 -0.005,
                    0.0107434120444 -0.0131037980617 -0.005,
                    0.0107 -0.0131 -0.005,
                    0.0106565879556 -0.0131037980617 -0.005,
                    0.0106144949642 -0.0131150768448 -0.005,
                    0.010575 -0.0131334936491 -0.005,
                    0.0105393030976 -0.0131584888892 -0.005,
                    0.0105084888892 -0.0131893030976 -0.005,
                    0.0104834936491 -0.013225 -0.005,
                    0.0104650768448 -0.0132644949642 -0.005,
                    0.0104537980617 -0.0133065879556 -0.005,
                    0.01045 -0.01335 -0.005,
                    0.0104537980617 -0.0133934120444 -0.005,
                    0.0104650768448 -0.0134355050358 -0.005,
                    0.0104834936491 -0.013475 -0.005,
                    0.0105084888892 -0.0135106969024 -0.005,
                    0.0105393030976 -0.0135415111108 -0.005,
                    0.010575 -0.0135665063509 -0.005,
                    0.0106144949642 -0.0135849231552 -0.005,
                    0.0106565879556 -0.0135962019383 -0.005,
                    0.0107 -0.0136 -0.005,
                    0.0107434120444 -0.0135962019383 -0.005,
                    0.0107855050358 -0.0135849231552 -0.005,
                    0.010825 -0.0135665063509 -0.005,
                    0.0108606969024 -0.0135415111108 -0.005,
                    0.0108915111108 -0.0135106969024 -0.005,
                    0.0109165063509 -0.013475 -0.005,
                    0.0109349231552 -0.0134355050358 -0.005,
                    0.0109462019383 -0.0133934120444 -0.005

                  ]
                }
                normal Normal {
                  vector [
                    1 0 0,
                    0.98480773 -0.17364818 0,
                    0.93969262 -0.34202015 0,
                    0.86602539 -0.5 0,
                    0.76604444 -0.64278764 0,
                    0.64278764 -0.76604444 0,
                    0.5 -0.86602539 0,
                    0.34202015 -0.93969262 0,
                    0.17364818 -0.98480773 0,
                    0 -1 0,
                    -0.17364818 -0.98480773 0,
                    -0.34202015 -0.93969262 0,
                    -0.5 -0.86602539 0,
                    -0.64278764 -0.76604444 0,
                    -0.76604444 -0.64278764 0,
                    -0.86602539 -0.5 0,
                    -0.93969262 -0.34202015 0,
                    -0.98480773 -0.17364818 0,
                    -1 0 0,
                    -0.98480773 0.17364818 0,
                    -0.93969262 0.34202015 0,
                    -0.86602539 0.5 0,
                    -0.76604444 0.64278764 0,
                    -0.64278764 0.76604444 0,
                    -0.5 0.86602539 0,
                    -0.34202015 0.93969262 0,
                    -0.17364818 0.98480773 0,
                    0 1 0,
                    0.17364818 0.98480773 0,
                    0.34202015 0.93969262 0,
                    0.5 0.86602539 0,
                    0.64278764 0.76604444 0,
                    0.76604444 0.64278764 0,
                    0.86602539 0.5 0,
                    0.93969262 0.34202015 0,
                    0.98480773 0.17364818 0,
                    1 0 0,
                    1 0 0,
                    0.98480773 0.17364818 0,
                    0.93969262 0.34202015 0,
                    0.86602539 0.5 0,
                    0.76604444 0.64278764 0,
                    0.64278764 0.76604444 0,
                    0.5 0.86602539 0,
                    0.34202015 0.93969262 0,
                    0.17364818 0.98480773 0,
                    0 1 0,
                    -0.17364818 0.98480773 0,
                    -0.34202015 0.93969262 0,
                    -0.5 0.86602539 0,
                    -0.64278764 0.76604444 0,
                    -0.76604444 0.64278764 0,
                    -0.86602539 0.5 0,
                    -0.93969262 0.34202015 0,
                    -0.98480773 0.17364818 0,
                    -1 0 0,
                    -0.98480773 -0.17364818 0,
                    -0.93969262 -0.34202015 0,
                    -0.86602539 -0.5 0,
                    -0.76604444 -0.64278764 0,
                    -0.64278764 -0.76604444 0,
                    -0.5 -0.86602539 0,
                    -0.34202015 -0.93969262 0,
                    -0.17364818 -0.98480773 0,
                    0 -1 0,
                    0.17364818 -0.98480773 0,
                    0.34202015 -0.93969262 0,
                    0.5 -0.86602539 0,
                    0.64278764 -0.76604444 0,
                    0.76604444 -0.64278764 0,
                    0.86602539 -0.5 0,
                    0.93969262 -0.34202015 0,
                    0.98480773 -0.17364818 0,
                    1 0 0,
                    0 0 1,
                    0 0 1,
                    0 0 1,
                    0 0 1,
                    0 0 1,
                    0 0 1,
                    0 0 1,
                    0 0 1,
                    0 0 1,
                    0 0 1,
                    0 0 1,
                    0 0 1,
                    0 0 1,
                    0 0 1,
                    0 0 1,
                    0 0 1,
                    0 0 1,
                    0 0 1,
                    0 0 1,
                    0 0 1,
                    0 0 1,
                    0 0 1,
                    0 0 1,
                    0 0 1,
                    0 0 1,
                    0 0 1,
                    0 0 1,
                    0 0 1,
                    0 0 1,
                    0 0 1,
                    0 0 1,
                    0 0 1,
                    0 0 1,
                    0 0 1,
                    0 0 1,
                    0 0 1,
                    -0 -0 -1,
                    -0 -0 -1,
                    -0 -0 -1,
                    -0 -0 -1,
                    -0 -0 -1,
                    -0 -0 -1,
                    -0 -0 -1,
                    -0 -0 -1,
                    -0 -0 -1,
                    -0 -0 -1,
                    -0 -0 -1,
                    -0 -0 -1,
                    -0 -0 -1,
                    -0 -0 -1,
                    -0 -0 -1,
                    -0 -0 -1,
                    -0 -0 -1,
                    -0 -0 -1,
                    -0 -0 -1,
                    -0 -0 -1,
                    -0 -0 -1,
                    -0 -0 -1,
                    -0 -0 -1,
                    -0 -0 -1,
                    -0 -0 -1,
                    -0 -0 -1,
                    -0 -0 -1,
                    -0 -0 -1,
                    -0 -0 -1,
                    -0 -0 -1,
                    -0 -0 -1,
                    -0 -0 -1,
                    -0 -0 -1,
                    -0 -0 -1,
                    -0 -0 -1,
                    -0 -0 -1

                  ]
                }
                coordIndex [
                  71 0 36 -1 
                  70 36 35 -1 
                  69 35 34 -1 
                  68 34 33 -1 
                  67 33 32 -1 
                  29 64 30 -1 
                  28 63 29 -1 
                  27 62 28 -1 
                  26 61 27 -1 
                  25 60 26 -1 
                  24 59 25 -1 
                  23 58 24 -1 
                  22 57 23 -1 
                  21 56 22 -1 
                  20 55 21 -1 
                  19 54 20 -1 
                  18 53 19 -1 
                  17 52 18 -1 
                  16 51 17 -1 
                  15 50 16 -1 
                  14 49 15 -1 
                  13 48 14 -1 
                  12 47 13 -1 
                  11 46 12 -1 
                  10 45 11 -1 
                  9 44 10 -1 
                  8 43 9 -1 
                  7 42 8 -1 
                  6 41 7 -1 
                  5 40 6 -1 
                  4 39 5 -1 
                  3 38 4 -1 
                  2 37 3 -1 
                  0 1 2 -1 
                  66 32 31 -1 
                  65 31 30 -1 
                  37 2 1 -1 
                  38 3 37 -1 
                  39 4 38 -1 
                  40 5 39 -1 
                  41 6 40 -1 
                  42 7 41 -1 
                  43 8 42 -1 
                  44 9 43 -1 
                  45 10 44 -1 
                  46 11 45 -1 
                  47 12 46 -1 
                  48 13 47 -1 
                  49 14 48 -1 
                  50 15 49 -1 
                  51 16 50 -1 
                  52 17 51 -1 
                  53 18 52 -1 
                  54 19 53 -1 
                  55 20 54 -1 
                  56 21 55 -1 
                  57 22 56 -1 
                  58 23 57 -1 
                  59 24 58 -1 
                  60 25 59 -1 
                  61 26 60 -1 
                  62 27 61 -1 
                  63 28 62 -1 
                  64 29 63 -1 
                  65 30 64 -1 
                  66 31 65 -1 
                  67 32 66 -1 
                  68 33 67 -1 
                  69 34 68 -1 
                  70 35 69 -1 
                  71 36 70 -1 
                  1 0 71 -1 
                  3 0 2 -1 
                  4 0 3 -1 
                  5 0 4 -1 
                  6 0 5 -1 
                  7 0 6 -1 
                  8 0 7 -1 
                  9 0 8 -1 
                  10 0 9 -1 
                  11 0 10 -1 
                  12 0 11 -1 
                  13 0 12 -1 
                  14 0 13 -1 
                  15 0 14 -1 
                  16 0 15 -1 
                  17 0 16 -1 
                  18 0 17 -1 
                  19 0 18 -1 
                  20 0 19 -1 
                  21 0 20 -1 
                  22 0 21 -1 
                  23 0 22 -1 
                  24 0 23 -1 
                  25 0 24 -1 
                  26 0 25 -1 
                  27 0 26 -1 
                  28 0 27 -1 
                  29 0 28 -1 
                  30 0 29 -1 
                  31 0 30 -1 
                  32 0 31 -1 
                  33 0 32 -1 
                  34 0 33 -1 
                  35 0 34 -1 
                  36 0 35 -1 
                  38 37 1 -1 
                  39 38 1 -1 
                  40 39 1 -1 
                  41 40 1 -1 
                  42 41 1 -1 
                  43 42 1 -1 
                  44 43 1 -1 
                  45 44 1 -1 
                  46 45 1 -1 
                  47 46 1 -1 
                  48 47 1 -1 
                  49 48 1 -1 
                  50 49 1 -1 
                  51 50 1 -1 
                  52 51 1 -1 
                  53 52 1 -1 
                  54 53 1 -1 
                  55 54 1 -1 
                  56 55 1 -1 
                  57 56 1 -1 
                  58 57 1 -1 
                  59 58 1 -1 
                  60 59 1 -1 
                  61 60 1 -1 
                  62 61 1 -1 
                  63 62 1 -1 
                  64 63 1 -1 
                  65 64 1 -1 
                  66 65 1 -1 
                  67 66 1 -1 
                  68 67 1 -1 
                  69 68 1 -1 
                  70 69 1 -1 
                  71 70 1 -1 
                ]
                normalIndex [
                  72 0 1 -1 
                  71 1 2 -1 
                  70 2 3 -1 
                  69 3 4 -1 
                  68 4 5 -1 
                  8 65 7 -1 
                  9 64 8 -1 
                  10 63 9 -1 
                  11 62 10 -1 
                  12 61 11 -1 
                  13 60 12 -1 
                  14 59 13 -1 
                  15 58 14 -1 
                  16 57 15 -1 
                  17 56 16 -1 
                  18 55 17 -1 
                  19 54 18 -1 
                  20 53 19 -1 
                  21 52 20 -1 
                  22 51 21 -1 
                  23 50 22 -1 
                  24 49 23 -1 
                  25 48 24 -1 
                  26 47 25 -1 
                  27 46 26 -1 
                  28 45 27 -1 
                  29 44 28 -1 
                  30 43 29 -1 
                  31 42 30 -1 
                  32 41 31 -1 
                  33 40 32 -1 
                  34 39 33 -1 
                  35 38 34 -1 
                  36 37 35 -1 
                  67 5 6 -1 
                  66 6 7 -1 
                  38 35 37 -1 
                  39 34 38 -1 
                  40 33 39 -1 
                  41 32 40 -1 
                  42 31 41 -1 
                  43 30 42 -1 
                  44 29 43 -1 
                  45 28 44 -1 
                  46 27 45 -1 
                  47 26 46 -1 
                  48 25 47 -1 
                  49 24 48 -1 
                  50 23 49 -1 
                  51 22 50 -1 
                  52 21 51 -1 
                  53 20 52 -1 
                  54 19 53 -1 
                  55 18 54 -1 
                  56 17 55 -1 
                  57 16 56 -1 
                  58 15 57 -1 
                  59 14 58 -1 
                  60 13 59 -1 
                  61 12 60 -1 
                  62 11 61 -1 
                  63 10 62 -1 
                  64 9 63 -1 
                  65 8 64 -1 
                  66 7 65 -1 
                  67 6 66 -1 
                  68 5 67 -1 
                  69 4 68 -1 
                  70 3 69 -1 
                  71 2 70 -1 
                  72 1 71 -1 
                  73 0 72 -1 
                  76 74 75 -1 
                  77 74 76 -1 
                  78 74 77 -1 
                  79 74 78 -1 
                  80 74 79 -1 
                  81 74 80 -1 
                  82 74 81 -1 
                  83 74 82 -1 
                  84 74 83 -1 
                  85 74 84 -1 
                  86 74 85 -1 
                  87 74 86 -1 
                  88 74 87 -1 
                  89 74 88 -1 
                  90 74 89 -1 
                  91 74 90 -1 
                  92 74 91 -1 
                  93 74 92 -1 
                  94 74 93 -1 
                  95 74 94 -1 
                  96 74 95 -1 
                  97 74 96 -1 
                  98 74 97 -1 
                  99 74 98 -1 
                  100 74 99 -1 
                  101 74 100 -1 
                  102 74 101 -1 
                  103 74 102 -1 
                  104 74 103 -1 
                  105 74 104 -1 
                  106 74 105 -1 
                  107 74 106 -1 
                  108 74 107 -1 
                  109 74 108 -1 
                  112 111 110 -1 
                  113 112 110 -1 
                  114 113 110 -1 
                  115 114 110 -1 
                  116 115 110 -1 
                  117 116 110 -1 
                  118 117 110 -1 
                  119 118 110 -1 
                  120 119 110 -1 
                  121 120 110 -1 
                  122 121 110 -1 
                  123 122 110 -1 
                  124 123 110 -1 
                  125 124 110 -1 
                  126 125 110 -1 
                  127 126 110 -1 
                  128 127 110 -1 
                  129 128 110 -1 
                  130 129 110 -1 
                  131 130 110 -1 
                  132 131 110 -1 
                  133 132 110 -1 
                  134 133 110 -1 
                  135 134 110 -1 
                  136 135 110 -1 
                  137 136 110 -1 
                  138 137 110 -1 
                  139 138 110 -1 
                  140 139 110 -1 
                  141 140 110 -1 
                  142 141 110 -1 
                  143 142 110 -1 
                  144 143 110 -1 
                  145 144 110 -1 
                ]
              }
            }
            DEF Leads_10 Shape {
              appearance DEF __47 Appearance {
                material DEF __48 Material {
                  ambientIntensity 0.260947436094
                  diffuseColor 0.73400002718 0.773000001907 0.79699999094
                  shininess 0
                }
              }
              geometry DEF __49 IndexedFaceSet {
                solid FALSE
                coord Coordinate {
                  point [
                    0.01095 -0.01157 0.0001,
                    0.01095 -0.01157 -0.005,
                    0.0109462019383 -0.0115265879556 0.0001,
                    0.0109349231552 -0.0114844949642 0.0001,
                    0.0109165063509 -0.011445 0.0001,
                    0.0108915111108 -0.0114093030976 0.0001,
                    0.0108606969024 -0.0113784888892 0.0001,
                    0.010825 -0.0113534936491 0.0001,
                    0.0107855050358 -0.0113350768448 0.0001,
                    0.0107434120444 -0.0113237980617 0.0001,
                    0.0107 -0.01132 0.0001,
                    0.0106565879556 -0.0113237980617 0.0001,
                    0.0106144949642 -0.0113350768448 0.0001,
                    0.010575 -0.0113534936491 0.0001,
                    0.0105393030976 -0.0113784888892 0.0001,
                    0.0105084888892 -0.0114093030976 0.0001,
                    0.0104834936491 -0.011445 0.0001,
                    0.0104650768448 -0.0114844949642 0.0001,
                    0.0104537980617 -0.0115265879556 0.0001,
                    0.01045 -0.01157 0.0001,
                    0.0104537980617 -0.0116134120444 0.0001,
                    0.0104650768448 -0.0116555050358 0.0001,
                    0.0104834936491 -0.011695 0.0001,
                    0.0105084888892 -0.0117306969024 0.0001,
                    0.0105393030976 -0.0117615111108 0.0001,
                    0.010575 -0.0117865063509 0.0001,
                    0.0106144949642 -0.0118049231552 0.0001,
                    0.0106565879556 -0.0118162019383 0.0001,
                    0.0107 -0.01182 0.0001,
                    0.0107434120444 -0.0118162019383 0.0001,
                    0.0107855050358 -0.0118049231552 0.0001,
                    0.010825 -0.0117865063509 0.0001,
                    0.0108606969024 -0.0117615111108 0.0001,
                    0.0108915111108 -0.0117306969024 0.0001,
                    0.0109165063509 -0.011695 0.0001,
                    0.0109349231552 -0.0116555050358 0.0001,
                    0.0109462019383 -0.0116134120444 0.0001,
                    0.0109462019383 -0.0115265879556 -0.005,
                    0.0109349231552 -0.0114844949642 -0.005,
                    0.0109165063509 -0.011445 -0.005,
                    0.0108915111108 -0.0114093030976 -0.005,
                    0.0108606969024 -0.0113784888892 -0.005,
                    0.010825 -0.0113534936491 -0.005,
                    0.0107855050358 -0.0113350768448 -0.005,
                    0.0107434120444 -0.0113237980617 -0.005,
                    0.0107 -0.01132 -0.005,
                    0.0106565879556 -0.0113237980617 -0.005,
                    0.0106144949642 -0.0113350768448 -0.005,
                    0.010575 -0.0113534936491 -0.005,
                    0.0105393030976 -0.0113784888892 -0.005,
                    0.0105084888892 -0.0114093030976 -0.005,
                    0.0104834936491 -0.011445 -0.005,
                    0.0104650768448 -0.0114844949642 -0.005,
                    0.0104537980617 -0.0115265879556 -0.005,
                    0.01045 -0.01157 -0.005,
                    0.0104537980617 -0.0116134120444 -0.005,
                    0.0104650768448 -0.0116555050358 -0.005,
                    0.0104834936491 -0.011695 -0.005,
                    0.0105084888892 -0.0117306969024 -0.005,
                    0.0105393030976 -0.0117615111108 -0.005,
                    0.010575 -0.0117865063509 -0.005,
                    0.0106144949642 -0.0118049231552 -0.005,
                    0.0106565879556 -0.0118162019383 -0.005,
                    0.0107 -0.01182 -0.005,
                    0.0107434120444 -0.0118162019383 -0.005,
                    0.0107855050358 -0.0118049231552 -0.005,
                    0.010825 -0.0117865063509 -0.005,
                    0.0108606969024 -0.0117615111108 -0.005,
                    0.0108915111108 -0.0117306969024 -0.005,
                    0.0109165063509 -0.011695 -0.005,
                    0.0109349231552 -0.0116555050358 -0.005,
                    0.0109462019383 -0.0116134120444 -0.005

                  ]
                }
                normal Normal {
                  vector [
                    1 0 0,
                    0.98480773 -0.17364818 0,
                    0.93969262 -0.34202015 0,
                    0.86602539 -0.5 0,
                    0.76604444 -0.64278764 0,
                    0.64278764 -0.76604444 0,
                    0.5 -0.86602539 0,
                    0.34202015 -0.93969262 0,
                    0.17364818 -0.98480773 0,
                    0 -1 0,
                    -0.17364818 -0.98480773 0,
                    -0.34202015 -0.93969262 0,
                    -0.5 -0.86602539 0,
                    -0.64278764 -0.76604444 0,
                    -0.76604444 -0.64278764 0,
                    -0.86602539 -0.5 0,
                    -0.93969262 -0.34202015 0,
                    -0.98480773 -0.17364818 0,
                    -1 0 0,
                    -0.98480773 0.17364818 0,
                    -0.93969262 0.34202015 0,
                    -0.86602539 0.5 0,
                    -0.76604444 0.64278764 0,
                    -0.64278764 0.76604444 0,
                    -0.5 0.86602539 0,
                    -0.34202015 0.93969262 0,
                    -0.17364818 0.98480773 0,
                    0 1 0,
                    0.17364818 0.98480773 0,
                    0.34202015 0.93969262 0,
                    0.5 0.86602539 0,
                    0.64278764 0.76604444 0,
                    0.76604444 0.64278764 0,
                    0.86602539 0.5 0,
                    0.93969262 0.34202015 0,
                    0.98480773 0.17364818 0,
                    1 0 0,
                    1 0 0,
                    0.98480773 0.17364818 0,
                    0.93969262 0.34202015 0,
                    0.86602539 0.5 0,
                    0.76604444 0.64278764 0,
                    0.64278764 0.76604444 0,
                    0.5 0.86602539 0,
                    0.34202015 0.93969262 0,
                    0.17364818 0.98480773 0,
                    0 1 0,
                    -0.17364818 0.98480773 0,
                    -0.34202015 0.93969262 0,
                    -0.5 0.86602539 0,
                    -0.64278764 0.76604444 0,
                    -0.76604444 0.64278764 0,
                    -0.86602539 0.5 0,
                    -0.93969262 0.34202015 0,
                    -0.98480773 0.17364818 0,
                    -1 0 0,
                    -0.98480773 -0.17364818 0,
                    -0.93969262 -0.34202015 0,
                    -0.86602539 -0.5 0,
                    -0.76604444 -0.64278764 0,
                    -0.64278764 -0.76604444 0,
                    -0.5 -0.86602539 0,
                    -0.34202015 -0.93969262 0,
                    -0.17364818 -0.98480773 0,
                    0 -1 0,
                    0.17364818 -0.98480773 0,
                    0.34202015 -0.93969262 0,
                    0.5 -0.86602539 0,
                    0.64278764 -0.76604444 0,
                    0.76604444 -0.64278764 0,
                    0.86602539 -0.5 0,
                    0.93969262 -0.34202015 0,
                    0.98480773 -0.17364818 0,
                    1 0 0,
                    0 0 1,
                    0 0 1,
                    0 0 1,
                    0 0 1,
                    0 0 1,
                    0 0 1,
                    0 0 1,
                    0 0 1,
                    0 0 1,
                    0 0 1,
                    0 0 1,
                    0 0 1,
                    0 0 1,
                    0 0 1,
                    0 0 1,
                    0 0 1,
                    0 0 1,
                    0 0 1,
                    0 0 1,
                    0 0 1,
                    0 0 1,
                    0 0 1,
                    0 0 1,
                    0 0 1,
                    0 0 1,
                    0 0 1,
                    0 0 1,
                    0 0 1,
                    0 0 1,
                    0 0 1,
                    0 0 1,
                    0 0 1,
                    0 0 1,
                    0 0 1,
                    0 0 1,
                    0 0 1,
                    -0 -0 -1,
                    -0 -0 -1,
                    -0 -0 -1,
                    -0 -0 -1,
                    -0 -0 -1,
                    -0 -0 -1,
                    -0 -0 -1,
                    -0 -0 -1,
                    -0 -0 -1,
                    -0 -0 -1,
                    -0 -0 -1,
                    -0 -0 -1,
                    -0 -0 -1,
                    -0 -0 -1,
                    -0 -0 -1,
                    -0 -0 -1,
                    -0 -0 -1,
                    -0 -0 -1,
                    -0 -0 -1,
                    -0 -0 -1,
                    -0 -0 -1,
                    -0 -0 -1,
                    -0 -0 -1,
                    -0 -0 -1,
                    -0 -0 -1,
                    -0 -0 -1,
                    -0 -0 -1,
                    -0 -0 -1,
                    -0 -0 -1,
                    -0 -0 -1,
                    -0 -0 -1,
                    -0 -0 -1,
                    -0 -0 -1,
                    -0 -0 -1,
                    -0 -0 -1,
                    -0 -0 -1

                  ]
                }
                coordIndex [
                  71 0 36 -1 
                  70 36 35 -1 
                  69 35 34 -1 
                  68 34 33 -1 
                  67 33 32 -1 
                  29 64 30 -1 
                  28 63 29 -1 
                  27 62 28 -1 
                  26 61 27 -1 
                  25 60 26 -1 
                  24 59 25 -1 
                  23 58 24 -1 
                  22 57 23 -1 
                  21 56 22 -1 
                  20 55 21 -1 
                  19 54 20 -1 
                  18 53 19 -1 
                  17 52 18 -1 
                  16 51 17 -1 
                  15 50 16 -1 
                  14 49 15 -1 
                  13 48 14 -1 
                  12 47 13 -1 
                  11 46 12 -1 
                  10 45 11 -1 
                  9 44 10 -1 
                  8 43 9 -1 
                  7 42 8 -1 
                  6 41 7 -1 
                  5 40 6 -1 
                  4 39 5 -1 
                  3 38 4 -1 
                  2 37 3 -1 
                  0 1 2 -1 
                  66 32 31 -1 
                  65 31 30 -1 
                  37 2 1 -1 
                  38 3 37 -1 
                  39 4 38 -1 
                  40 5 39 -1 
                  41 6 40 -1 
                  42 7 41 -1 
                  43 8 42 -1 
                  44 9 43 -1 
                  45 10 44 -1 
                  46 11 45 -1 
                  47 12 46 -1 
                  48 13 47 -1 
                  49 14 48 -1 
                  50 15 49 -1 
                  51 16 50 -1 
                  52 17 51 -1 
                  53 18 52 -1 
                  54 19 53 -1 
                  55 20 54 -1 
                  56 21 55 -1 
                  57 22 56 -1 
                  58 23 57 -1 
                  59 24 58 -1 
                  60 25 59 -1 
                  61 26 60 -1 
                  62 27 61 -1 
                  63 28 62 -1 
                  64 29 63 -1 
                  65 30 64 -1 
                  66 31 65 -1 
                  67 32 66 -1 
                  68 33 67 -1 
                  69 34 68 -1 
                  70 35 69 -1 
                  71 36 70 -1 
                  1 0 71 -1 
                  3 0 2 -1 
                  4 0 3 -1 
                  5 0 4 -1 
                  6 0 5 -1 
                  7 0 6 -1 
                  8 0 7 -1 
                  9 0 8 -1 
                  10 0 9 -1 
                  11 0 10 -1 
                  12 0 11 -1 
                  13 0 12 -1 
                  14 0 13 -1 
                  15 0 14 -1 
                  16 0 15 -1 
                  17 0 16 -1 
                  18 0 17 -1 
                  19 0 18 -1 
                  20 0 19 -1 
                  21 0 20 -1 
                  22 0 21 -1 
                  23 0 22 -1 
                  24 0 23 -1 
                  25 0 24 -1 
                  26 0 25 -1 
                  27 0 26 -1 
                  28 0 27 -1 
                  29 0 28 -1 
                  30 0 29 -1 
                  31 0 30 -1 
                  32 0 31 -1 
                  33 0 32 -1 
                  34 0 33 -1 
                  35 0 34 -1 
                  36 0 35 -1 
                  38 37 1 -1 
                  39 38 1 -1 
                  40 39 1 -1 
                  41 40 1 -1 
                  42 41 1 -1 
                  43 42 1 -1 
                  44 43 1 -1 
                  45 44 1 -1 
                  46 45 1 -1 
                  47 46 1 -1 
                  48 47 1 -1 
                  49 48 1 -1 
                  50 49 1 -1 
                  51 50 1 -1 
                  52 51 1 -1 
                  53 52 1 -1 
                  54 53 1 -1 
                  55 54 1 -1 
                  56 55 1 -1 
                  57 56 1 -1 
                  58 57 1 -1 
                  59 58 1 -1 
                  60 59 1 -1 
                  61 60 1 -1 
                  62 61 1 -1 
                  63 62 1 -1 
                  64 63 1 -1 
                  65 64 1 -1 
                  66 65 1 -1 
                  67 66 1 -1 
                  68 67 1 -1 
                  69 68 1 -1 
                  70 69 1 -1 
                  71 70 1 -1 
                ]
                normalIndex [
                  72 0 1 -1 
                  71 1 2 -1 
                  70 2 3 -1 
                  69 3 4 -1 
                  68 4 5 -1 
                  8 65 7 -1 
                  9 64 8 -1 
                  10 63 9 -1 
                  11 62 10 -1 
                  12 61 11 -1 
                  13 60 12 -1 
                  14 59 13 -1 
                  15 58 14 -1 
                  16 57 15 -1 
                  17 56 16 -1 
                  18 55 17 -1 
                  19 54 18 -1 
                  20 53 19 -1 
                  21 52 20 -1 
                  22 51 21 -1 
                  23 50 22 -1 
                  24 49 23 -1 
                  25 48 24 -1 
                  26 47 25 -1 
                  27 46 26 -1 
                  28 45 27 -1 
                  29 44 28 -1 
                  30 43 29 -1 
                  31 42 30 -1 
                  32 41 31 -1 
                  33 40 32 -1 
                  34 39 33 -1 
                  35 38 34 -1 
                  36 37 35 -1 
                  67 5 6 -1 
                  66 6 7 -1 
                  38 35 37 -1 
                  39 34 38 -1 
                  40 33 39 -1 
                  41 32 40 -1 
                  42 31 41 -1 
                  43 30 42 -1 
                  44 29 43 -1 
                  45 28 44 -1 
                  46 27 45 -1 
                  47 26 46 -1 
                  48 25 47 -1 
                  49 24 48 -1 
                  50 23 49 -1 
                  51 22 50 -1 
                  52 21 51 -1 
                  53 20 52 -1 
                  54 19 53 -1 
                  55 18 54 -1 
                  56 17 55 -1 
                  57 16 56 -1 
                  58 15 57 -1 
                  59 14 58 -1 
                  60 13 59 -1 
                  61 12 60 -1 
                  62 11 61 -1 
                  63 10 62 -1 
                  64 9 63 -1 
                  65 8 64 -1 
                  66 7 65 -1 
                  67 6 66 -1 
                  68 5 67 -1 
                  69 4 68 -1 
                  70 3 69 -1 
                  71 2 70 -1 
                  72 1 71 -1 
                  73 0 72 -1 
                  76 74 75 -1 
                  77 74 76 -1 
                  78 74 77 -1 
                  79 74 78 -1 
                  80 74 79 -1 
                  81 74 80 -1 
                  82 74 81 -1 
                  83 74 82 -1 
                  84 74 83 -1 
                  85 74 84 -1 
                  86 74 85 -1 
                  87 74 86 -1 
                  88 74 87 -1 
                  89 74 88 -1 
                  90 74 89 -1 
                  91 74 90 -1 
                  92 74 91 -1 
                  93 74 92 -1 
                  94 74 93 -1 
                  95 74 94 -1 
                  96 74 95 -1 
                  97 74 96 -1 
                  98 74 97 -1 
                  99 74 98 -1 
                  100 74 99 -1 
                  101 74 100 -1 
                  102 74 101 -1 
                  103 74 102 -1 
                  104 74 103 -1 
                  105 74 104 -1 
                  106 74 105 -1 
                  107 74 106 -1 
                  108 74 107 -1 
                  109 74 108 -1 
                  112 111 110 -1 
                  113 112 110 -1 
                  114 113 110 -1 
                  115 114 110 -1 
                  116 115 110 -1 
                  117 116 110 -1 
                  118 117 110 -1 
                  119 118 110 -1 
                  120 119 110 -1 
                  121 120 110 -1 
                  122 121 110 -1 
                  123 122 110 -1 
                  124 123 110 -1 
                  125 124 110 -1 
                  126 125 110 -1 
                  127 126 110 -1 
                  128 127 110 -1 
                  129 128 110 -1 
                  130 129 110 -1 
                  131 130 110 -1 
                  132 131 110 -1 
                  133 132 110 -1 
                  134 133 110 -1 
                  135 134 110 -1 
                  136 135 110 -1 
                  137 136 110 -1 
                  138 137 110 -1 
                  139 138 110 -1 
                  140 139 110 -1 
                  141 140 110 -1 
                  142 141 110 -1 
                  143 142 110 -1 
                  144 143 110 -1 
                  145 144 110 -1 
                ]
              }
            }
            DEF Leads_11 Shape {
              appearance DEF __51 Appearance {
                material DEF __52 Material {
                  ambientIntensity 0.260947436094
                  diffuseColor 0.73400002718 0.773000001907 0.79699999094
                  shininess 0
                }
              }
              geometry DEF __53 IndexedFaceSet {
                solid FALSE
                coord Coordinate {
                  point [
                    0.01095 -0.00979 0.0001,
                    0.01095 -0.00979 -0.005,
                    0.0109462019383 -0.00974658795558 0.0001,
                    0.0109349231552 -0.00970449496417 0.0001,
                    0.0109165063509 -0.009665 0.0001,
                    0.0108915111108 -0.00962930309758 0.0001,
                    0.0108606969024 -0.00959848888922 0.0001,
                    0.010825 -0.00957349364905 0.0001,
                    0.0107855050358 -0.0095550768448 0.0001,
                    0.0107434120444 -0.00954379806175 0.0001,
                    0.0107 -0.00954 0.0001,
                    0.0106565879556 -0.00954379806175 0.0001,
                    0.0106144949642 -0.0095550768448 0.0001,
                    0.010575 -0.00957349364905 0.0001,
                    0.0105393030976 -0.00959848888922 0.0001,
                    0.0105084888892 -0.00962930309758 0.0001,
                    0.0104834936491 -0.009665 0.0001,
                    0.0104650768448 -0.00970449496417 0.0001,
                    0.0104537980617 -0.00974658795558 0.0001,
                    0.01045 -0.00979 0.0001,
                    0.0104537980617 -0.00983341204442 0.0001,
                    0.0104650768448 -0.00987550503583 0.0001,
                    0.0104834936491 -0.009915 0.0001,
                    0.0105084888892 -0.00995069690242 0.0001,
                    0.0105393030976 -0.00998151111078 0.0001,
                    0.010575 -0.0100065063509 0.0001,
                    0.0106144949642 -0.0100249231552 0.0001,
                    0.0106565879556 -0.0100362019383 0.0001,
                    0.0107 -0.01004 0.0001,
                    0.0107434120444 -0.0100362019383 0.0001,
                    0.0107855050358 -0.0100249231552 0.0001,
                    0.010825 -0.0100065063509 0.0001,
                    0.0108606969024 -0.00998151111078 0.0001,
                    0.0108915111108 -0.00995069690242 0.0001,
                    0.0109165063509 -0.009915 0.0001,
                    0.0109349231552 -0.00987550503583 0.0001,
                    0.0109462019383 -0.00983341204442 0.0001,
                    0.0109462019383 -0.00974658795558 -0.005,
                    0.0109349231552 -0.00970449496417 -0.005,
                    0.0109165063509 -0.009665 -0.005,
                    0.0108915111108 -0.00962930309758 -0.005,
                    0.0108606969024 -0.00959848888922 -0.005,
                    0.010825 -0.00957349364905 -0.005,
                    0.0107855050358 -0.0095550768448 -0.005,
                    0.0107434120444 -0.00954379806175 -0.005,
                    0.0107 -0.00954 -0.005,
                    0.0106565879556 -0.00954379806175 -0.005,
                    0.0106144949642 -0.0095550768448 -0.005,
                    0.010575 -0.00957349364905 -0.005,
                    0.0105393030976 -0.00959848888922 -0.005,
                    0.0105084888892 -0.00962930309758 -0.005,
                    0.0104834936491 -0.009665 -0.005,
                    0.0104650768448 -0.00970449496417 -0.005,
                    0.0104537980617 -0.00974658795558 -0.005,
                    0.01045 -0.00979 -0.005,
                    0.0104537980617 -0.00983341204442 -0.005,
                    0.0104650768448 -0.00987550503583 -0.005,
                    0.0104834936491 -0.009915 -0.005,
                    0.0105084888892 -0.00995069690242 -0.005,
                    0.0105393030976 -0.00998151111078 -0.005,
                    0.010575 -0.0100065063509 -0.005,
                    0.0106144949642 -0.0100249231552 -0.005,
                    0.0106565879556 -0.0100362019383 -0.005,
                    0.0107 -0.01004 -0.005,
                    0.0107434120444 -0.0100362019383 -0.005,
                    0.0107855050358 -0.0100249231552 -0.005,
                    0.010825 -0.0100065063509 -0.005,
                    0.0108606969024 -0.00998151111078 -0.005,
                    0.0108915111108 -0.00995069690242 -0.005,
                    0.0109165063509 -0.009915 -0.005,
                    0.0109349231552 -0.00987550503583 -0.005,
                    0.0109462019383 -0.00983341204442 -0.005

                  ]
                }
                normal Normal {
                  vector [
                    1 0 0,
                    0.98480773 -0.17364818 0,
                    0.93969262 -0.34202015 0,
                    0.86602539 -0.5 0,
                    0.76604444 -0.64278764 0,
                    0.64278764 -0.76604444 0,
                    0.5 -0.86602539 0,
                    0.34202015 -0.93969262 0,
                    0.17364818 -0.98480773 0,
                    0 -1 0,
                    -0.17364818 -0.98480773 0,
                    -0.34202015 -0.93969262 0,
                    -0.5 -0.86602539 0,
                    -0.64278764 -0.76604444 0,
                    -0.76604444 -0.64278764 0,
                    -0.86602539 -0.5 0,
                    -0.93969262 -0.34202015 0,
                    -0.98480773 -0.17364818 0,
                    -1 0 0,
                    -0.98480773 0.17364818 0,
                    -0.93969262 0.34202015 0,
                    -0.86602539 0.5 0,
                    -0.76604444 0.64278764 0,
                    -0.64278764 0.76604444 0,
                    -0.5 0.86602539 0,
                    -0.34202015 0.93969262 0,
                    -0.17364818 0.98480773 0,
                    0 1 0,
                    0.17364818 0.98480773 0,
                    0.34202015 0.93969262 0,
                    0.5 0.86602539 0,
                    0.64278764 0.76604444 0,
                    0.76604444 0.64278764 0,
                    0.86602539 0.5 0,
                    0.93969262 0.34202015 0,
                    0.98480773 0.17364818 0,
                    1 0 0,
                    1 0 0,
                    0.98480773 0.17364818 0,
                    0.93969262 0.34202015 0,
                    0.86602539 0.5 0,
                    0.76604444 0.64278764 0,
                    0.64278764 0.76604444 0,
                    0.5 0.86602539 0,
                    0.34202015 0.93969262 0,
                    0.17364818 0.98480773 0,
                    0 1 0,
                    -0.17364818 0.98480773 0,
                    -0.34202015 0.93969262 0,
                    -0.5 0.86602539 0,
                    -0.64278764 0.76604444 0,
                    -0.76604444 0.64278764 0,
                    -0.86602539 0.5 0,
                    -0.93969262 0.34202015 0,
                    -0.98480773 0.17364818 0,
                    -1 0 0,
                    -0.98480773 -0.17364818 0,
                    -0.93969262 -0.34202015 0,
                    -0.86602539 -0.5 0,
                    -0.76604444 -0.64278764 0,
                    -0.64278764 -0.76604444 0,
                    -0.5 -0.86602539 0,
                    -0.34202015 -0.93969262 0,
                    -0.17364818 -0.98480773 0,
                    0 -1 0,
                    0.17364818 -0.98480773 0,
                    0.34202015 -0.93969262 0,
                    0.5 -0.86602539 0,
                    0.64278764 -0.76604444 0,
                    0.76604444 -0.64278764 0,
                    0.86602539 -0.5 0,
                    0.93969262 -0.34202015 0,
                    0.98480773 -0.17364818 0,
                    1 0 0,
                    0 0 1,
                    0 0 1,
                    0 0 1,
                    0 0 1,
                    0 0 1,
                    0 0 1,
                    0 0 1,
                    0 0 1,
                    0 0 1,
                    0 0 1,
                    0 0 1,
                    0 0 1,
                    0 0 1,
                    0 0 1,
                    0 0 1,
                    0 0 1,
                    0 0 1,
                    0 0 1,
                    0 0 1,
                    0 0 1,
                    0 0 1,
                    0 0 1,
                    0 0 1,
                    0 0 1,
                    0 0 1,
                    0 0 1,
                    0 0 1,
                    0 0 1,
                    0 0 1,
                    0 0 1,
                    0 0 1,
                    0 0 1,
                    0 0 1,
                    0 0 1,
                    0 0 1,
                    0 0 1,
                    -0 -0 -1,
                    -0 -0 -1,
                    -0 -0 -1,
                    -0 -0 -1,
                    -0 -0 -1,
                    -0 -0 -1,
                    -0 -0 -1,
                    -0 -0 -1,
                    -0 -0 -1,
                    -0 -0 -1,
                    -0 -0 -1,
                    -0 -0 -1,
                    -0 -0 -1,
                    -0 -0 -1,
                    -0 -0 -1,
                    -0 -0 -1,
                    -0 -0 -1,
                    -0 -0 -1,
                    -0 -0 -1,
                    -0 -0 -1,
                    -0 -0 -1,
                    -0 -0 -1,
                    -0 -0 -1,
                    -0 -0 -1,
                    -0 -0 -1,
                    -0 -0 -1,
                    -0 -0 -1,
                    -0 -0 -1,
                    -0 -0 -1,
                    -0 -0 -1,
                    -0 -0 -1,
                    -0 -0 -1,
                    -0 -0 -1,
                    -0 -0 -1,
                    -0 -0 -1,
                    -0 -0 -1

                  ]
                }
                coordIndex [
                  71 0 36 -1 
                  70 36 35 -1 
                  69 35 34 -1 
                  68 34 33 -1 
                  67 33 32 -1 
                  29 64 30 -1 
                  28 63 29 -1 
                  27 62 28 -1 
                  26 61 27 -1 
                  25 60 26 -1 
                  24 59 25 -1 
                  23 58 24 -1 
                  22 57 23 -1 
                  21 56 22 -1 
                  20 55 21 -1 
                  19 54 20 -1 
                  18 53 19 -1 
                  17 52 18 -1 
                  16 51 17 -1 
                  15 50 16 -1 
                  14 49 15 -1 
                  13 48 14 -1 
                  12 47 13 -1 
                  11 46 12 -1 
                  10 45 11 -1 
                  9 44 10 -1 
                  8 43 9 -1 
                  7 42 8 -1 
                  6 41 7 -1 
                  5 40 6 -1 
                  4 39 5 -1 
                  3 38 4 -1 
                  2 37 3 -1 
                  0 1 2 -1 
                  66 32 31 -1 
                  65 31 30 -1 
                  37 2 1 -1 
                  38 3 37 -1 
                  39 4 38 -1 
                  40 5 39 -1 
                  41 6 40 -1 
                  42 7 41 -1 
                  43 8 42 -1 
                  44 9 43 -1 
                  45 10 44 -1 
                  46 11 45 -1 
                  47 12 46 -1 
                  48 13 47 -1 
                  49 14 48 -1 
                  50 15 49 -1 
                  51 16 50 -1 
                  52 17 51 -1 
                  53 18 52 -1 
                  54 19 53 -1 
                  55 20 54 -1 
                  56 21 55 -1 
                  57 22 56 -1 
                  58 23 57 -1 
                  59 24 58 -1 
                  60 25 59 -1 
                  61 26 60 -1 
                  62 27 61 -1 
                  63 28 62 -1 
                  64 29 63 -1 
                  65 30 64 -1 
                  66 31 65 -1 
                  67 32 66 -1 
                  68 33 67 -1 
                  69 34 68 -1 
                  70 35 69 -1 
                  71 36 70 -1 
                  1 0 71 -1 
                  3 0 2 -1 
                  4 0 3 -1 
                  5 0 4 -1 
                  6 0 5 -1 
                  7 0 6 -1 
                  8 0 7 -1 
                  9 0 8 -1 
                  10 0 9 -1 
                  11 0 10 -1 
                  12 0 11 -1 
                  13 0 12 -1 
                  14 0 13 -1 
                  15 0 14 -1 
                  16 0 15 -1 
                  17 0 16 -1 
                  18 0 17 -1 
                  19 0 18 -1 
                  20 0 19 -1 
                  21 0 20 -1 
                  22 0 21 -1 
                  23 0 22 -1 
                  24 0 23 -1 
                  25 0 24 -1 
                  26 0 25 -1 
                  27 0 26 -1 
                  28 0 27 -1 
                  29 0 28 -1 
                  30 0 29 -1 
                  31 0 30 -1 
                  32 0 31 -1 
                  33 0 32 -1 
                  34 0 33 -1 
                  35 0 34 -1 
                  36 0 35 -1 
                  38 37 1 -1 
                  39 38 1 -1 
                  40 39 1 -1 
                  41 40 1 -1 
                  42 41 1 -1 
                  43 42 1 -1 
                  44 43 1 -1 
                  45 44 1 -1 
                  46 45 1 -1 
                  47 46 1 -1 
                  48 47 1 -1 
                  49 48 1 -1 
                  50 49 1 -1 
                  51 50 1 -1 
                  52 51 1 -1 
                  53 52 1 -1 
                  54 53 1 -1 
                  55 54 1 -1 
                  56 55 1 -1 
                  57 56 1 -1 
                  58 57 1 -1 
                  59 58 1 -1 
                  60 59 1 -1 
                  61 60 1 -1 
                  62 61 1 -1 
                  63 62 1 -1 
                  64 63 1 -1 
                  65 64 1 -1 
                  66 65 1 -1 
                  67 66 1 -1 
                  68 67 1 -1 
                  69 68 1 -1 
                  70 69 1 -1 
                  71 70 1 -1 
                ]
                normalIndex [
                  72 0 1 -1 
                  71 1 2 -1 
                  70 2 3 -1 
                  69 3 4 -1 
                  68 4 5 -1 
                  8 65 7 -1 
                  9 64 8 -1 
                  10 63 9 -1 
                  11 62 10 -1 
                  12 61 11 -1 
                  13 60 12 -1 
                  14 59 13 -1 
                  15 58 14 -1 
                  16 57 15 -1 
                  17 56 16 -1 
                  18 55 17 -1 
                  19 54 18 -1 
                  20 53 19 -1 
                  21 52 20 -1 
                  22 51 21 -1 
                  23 50 22 -1 
                  24 49 23 -1 
                  25 48 24 -1 
                  26 47 25 -1 
                  27 46 26 -1 
                  28 45 27 -1 
                  29 44 28 -1 
                  30 43 29 -1 
                  31 42 30 -1 
                  32 41 31 -1 
                  33 40 32 -1 
                  34 39 33 -1 
                  35 38 34 -1 
                  36 37 35 -1 
                  67 5 6 -1 
                  66 6 7 -1 
                  38 35 37 -1 
                  39 34 38 -1 
                  40 33 39 -1 
                  41 32 40 -1 
                  42 31 41 -1 
                  43 30 42 -1 
                  44 29 43 -1 
                  45 28 44 -1 
                  46 27 45 -1 
                  47 26 46 -1 
                  48 25 47 -1 
                  49 24 48 -1 
                  50 23 49 -1 
                  51 22 50 -1 
                  52 21 51 -1 
                  53 20 52 -1 
                  54 19 53 -1 
                  55 18 54 -1 
                  56 17 55 -1 
                  57 16 56 -1 
                  58 15 57 -1 
                  59 14 58 -1 
                  60 13 59 -1 
                  61 12 60 -1 
                  62 11 61 -1 
                  63 10 62 -1 
                  64 9 63 -1 
                  65 8 64 -1 
                  66 7 65 -1 
                  67 6 66 -1 
                  68 5 67 -1 
                  69 4 68 -1 
                  70 3 69 -1 
                  71 2 70 -1 
                  72 1 71 -1 
                  73 0 72 -1 
                  76 74 75 -1 
                  77 74 76 -1 
                  78 74 77 -1 
                  79 74 78 -1 
                  80 74 79 -1 
                  81 74 80 -1 
                  82 74 81 -1 
                  83 74 82 -1 
                  84 74 83 -1 
                  85 74 84 -1 
                  86 74 85 -1 
                  87 74 86 -1 
                  88 74 87 -1 
                  89 74 88 -1 
                  90 74 89 -1 
                  91 74 90 -1 
                  92 74 91 -1 
                  93 74 92 -1 
                  94 74 93 -1 
                  95 74 94 -1 
                  96 74 95 -1 
                  97 74 96 -1 
                  98 74 97 -1 
                  99 74 98 -1 
                  100 74 99 -1 
                  101 74 100 -1 
                  102 74 101 -1 
                  103 74 102 -1 
                  104 74 103 -1 
                  105 74 104 -1 
                  106 74 105 -1 
                  107 74 106 -1 
                  108 74 107 -1 
                  109 74 108 -1 
                  112 111 110 -1 
                  113 112 110 -1 
                  114 113 110 -1 
                  115 114 110 -1 
                  116 115 110 -1 
                  117 116 110 -1 
                  118 117 110 -1 
                  119 118 110 -1 
                  120 119 110 -1 
                  121 120 110 -1 
                  122 121 110 -1 
                  123 122 110 -1 
                  124 123 110 -1 
                  125 124 110 -1 
                  126 125 110 -1 
                  127 126 110 -1 
                  128 127 110 -1 
                  129 128 110 -1 
                  130 129 110 -1 
                  131 130 110 -1 
                  132 131 110 -1 
                  133 132 110 -1 
                  134 133 110 -1 
                  135 134 110 -1 
                  136 135 110 -1 
                  137 136 110 -1 
                  138 137 110 -1 
                  139 138 110 -1 
                  140 139 110 -1 
                  141 140 110 -1 
                  142 141 110 -1 
                  143 142 110 -1 
                  144 143 110 -1 
                  145 144 110 -1 
                ]
              }
            }
            DEF Leads_12 Shape {
              appearance DEF __55 Appearance {
                material DEF __56 Material {
                  ambientIntensity 0.260947436094
                  diffuseColor 0.73400002718 0.773000001907 0.79699999094
                  shininess 0
                }
              }
              geometry DEF __57 IndexedFaceSet {
                solid FALSE
                coord Coordinate {
                  point [
                    0.01095 -0.00801 0.0001,
                    0.01095 -0.00801 -0.005,
                    0.0109462019383 -0.00796658795558 0.0001,
                    0.0109349231552 -0.00792449496417 0.0001,
                    0.0109165063509 -0.007885 0.0001,
                    0.0108915111108 -0.00784930309758 0.0001,
                    0.0108606969024 -0.00781848888922 0.0001,
                    0.010825 -0.00779349364905 0.0001,
                    0.0107855050358 -0.0077750768448 0.0001,
                    0.0107434120444 -0.00776379806175 0.0001,
                    0.0107 -0.00776 0.0001,
                    0.0106565879556 -0.00776379806175 0.0001,
                    0.0106144949642 -0.0077750768448 0.0001,
                    0.010575 -0.00779349364905 0.0001,
                    0.0105393030976 -0.00781848888922 0.0001,
                    0.0105084888892 -0.00784930309758 0.0001,
                    0.0104834936491 -0.007885 0.0001,
                    0.0104650768448 -0.00792449496417 0.0001,
                    0.0104537980617 -0.00796658795558 0.0001,
                    0.01045 -0.00801 0.0001,
                    0.0104537980617 -0.00805341204442 0.0001,
                    0.0104650768448 -0.00809550503583 0.0001,
                    0.0104834936491 -0.008135 0.0001,
                    0.0105084888892 -0.00817069690242 0.0001,
                    0.0105393030976 -0.00820151111078 0.0001,
                    0.010575 -0.00822650635095 0.0001,
                    0.0106144949642 -0.0082449231552 0.0001,
                    0.0106565879556 -0.00825620193825 0.0001,
                    0.0107 -0.00826 0.0001,
                    0.0107434120444 -0.00825620193825 0.0001,
                    0.0107855050358 -0.0082449231552 0.0001,
                    0.010825 -0.00822650635095 0.0001,
                    0.0108606969024 -0.00820151111078 0.0001,
                    0.0108915111108 -0.00817069690242 0.0001,
                    0.0109165063509 -0.008135 0.0001,
                    0.0109349231552 -0.00809550503583 0.0001,
                    0.0109462019383 -0.00805341204442 0.0001,
                    0.0109462019383 -0.00796658795558 -0.005,
                    0.0109349231552 -0.00792449496417 -0.005,
                    0.0109165063509 -0.007885 -0.005,
                    0.0108915111108 -0.00784930309758 -0.005,
                    0.0108606969024 -0.00781848888922 -0.005,
                    0.010825 -0.00779349364905 -0.005,
                    0.0107855050358 -0.0077750768448 -0.005,
                    0.0107434120444 -0.00776379806175 -0.005,
                    0.0107 -0.00776 -0.005,
                    0.0106565879556 -0.00776379806175 -0.005,
                    0.0106144949642 -0.0077750768448 -0.005,
                    0.010575 -0.00779349364905 -0.005,
                    0.0105393030976 -0.00781848888922 -0.005,
                    0.0105084888892 -0.00784930309758 -0.005,
                    0.0104834936491 -0.007885 -0.005,
                    0.0104650768448 -0.00792449496417 -0.005,
                    0.0104537980617 -0.00796658795558 -0.005,
                    0.01045 -0.00801 -0.005,
                    0.0104537980617 -0.00805341204442 -0.005,
                    0.0104650768448 -0.00809550503583 -0.005,
                    0.0104834936491 -0.008135 -0.005,
                    0.0105084888892 -0.00817069690242 -0.005,
                    0.0105393030976 -0.00820151111078 -0.005,
                    0.010575 -0.00822650635095 -0.005,
                    0.0106144949642 -0.0082449231552 -0.005,
                    0.0106565879556 -0.00825620193825 -0.005,
                    0.0107 -0.00826 -0.005,
                    0.0107434120444 -0.00825620193825 -0.005,
                    0.0107855050358 -0.0082449231552 -0.005,
                    0.010825 -0.00822650635095 -0.005,
                    0.0108606969024 -0.00820151111078 -0.005,
                    0.0108915111108 -0.00817069690242 -0.005,
                    0.0109165063509 -0.008135 -0.005,
                    0.0109349231552 -0.00809550503583 -0.005,
                    0.0109462019383 -0.00805341204442 -0.005

                  ]
                }
                normal Normal {
                  vector [
                    1 0 0,
                    0.98480773 -0.17364818 0,
                    0.93969262 -0.34202015 0,
                    0.86602539 -0.5 0,
                    0.76604444 -0.64278764 0,
                    0.64278764 -0.76604444 0,
                    0.5 -0.86602539 0,
                    0.34202015 -0.93969262 0,
                    0.17364818 -0.98480773 0,
                    0 -1 0,
                    -0.17364818 -0.98480773 0,
                    -0.34202015 -0.93969262 0,
                    -0.5 -0.86602539 0,
                    -0.64278764 -0.76604444 0,
                    -0.76604444 -0.64278764 0,
                    -0.86602539 -0.5 0,
                    -0.93969262 -0.34202015 0,
                    -0.98480773 -0.17364818 0,
                    -1 0 0,
                    -0.98480773 0.17364818 0,
                    -0.93969262 0.34202015 0,
                    -0.86602539 0.5 0,
                    -0.76604444 0.64278764 0,
                    -0.64278764 0.76604444 0,
                    -0.5 0.86602539 0,
                    -0.34202015 0.93969262 0,
                    -0.17364818 0.98480773 0,
                    0 1 0,
                    0.17364818 0.98480773 0,
                    0.34202015 0.93969262 0,
                    0.5 0.86602539 0,
                    0.64278764 0.76604444 0,
                    0.76604444 0.64278764 0,
                    0.86602539 0.5 0,
                    0.93969262 0.34202015 0,
                    0.98480773 0.17364818 0,
                    1 0 0,
                    1 0 0,
                    0.98480773 0.17364818 0,
                    0.93969262 0.34202015 0,
                    0.86602539 0.5 0,
                    0.76604444 0.64278764 0,
                    0.64278764 0.76604444 0,
                    0.5 0.86602539 0,
                    0.34202015 0.93969262 0,
                    0.17364818 0.98480773 0,
                    0 1 0,
                    -0.17364818 0.98480773 0,
                    -0.34202015 0.93969262 0,
                    -0.5 0.86602539 0,
                    -0.64278764 0.76604444 0,
                    -0.76604444 0.64278764 0,
                    -0.86602539 0.5 0,
                    -0.93969262 0.34202015 0,
                    -0.98480773 0.17364818 0,
                    -1 0 0,
                    -0.98480773 -0.17364818 0,
                    -0.93969262 -0.34202015 0,
                    -0.86602539 -0.5 0,
                    -0.76604444 -0.64278764 0,
                    -0.64278764 -0.76604444 0,
                    -0.5 -0.86602539 0,
                    -0.34202015 -0.93969262 0,
                    -0.17364818 -0.98480773 0,
                    0 -1 0,
                    0.17364818 -0.98480773 0,
                    0.34202015 -0.93969262 0,
                    0.5 -0.86602539 0,
                    0.64278764 -0.76604444 0,
                    0.76604444 -0.64278764 0,
                    0.86602539 -0.5 0,
                    0.93969262 -0.34202015 0,
                    0.98480773 -0.17364818 0,
                    1 0 0,
                    0 0 1,
                    0 0 1,
                    0 0 1,
                    0 0 1,
                    0 0 1,
                    0 0 1,
                    0 0 1,
                    0 0 1,
                    0 0 1,
                    0 0 1,
                    0 0 1,
                    0 0 1,
                    0 0 1,
                    0 0 1,
                    0 0 1,
                    0 0 1,
                    0 0 1,
                    0 0 1,
                    0 0 1,
                    0 0 1,
                    0 0 1,
                    0 0 1,
                    0 0 1,
                    0 0 1,
                    0 0 1,
                    0 0 1,
                    0 0 1,
                    0 0 1,
                    0 0 1,
                    0 0 1,
                    0 0 1,
                    0 0 1,
                    0 0 1,
                    0 0 1,
                    0 0 1,
                    0 0 1,
                    -0 -0 -1,
                    -0 -0 -1,
                    -0 -0 -1,
                    -0 -0 -1,
                    -0 -0 -1,
                    -0 -0 -1,
                    -0 -0 -1,
                    -0 -0 -1,
                    -0 -0 -1,
                    -0 -0 -1,
                    -0 -0 -1,
                    -0 -0 -1,
                    -0 -0 -1,
                    -0 -0 -1,
                    -0 -0 -1,
                    -0 -0 -1,
                    -0 -0 -1,
                    -0 -0 -1,
                    -0 -0 -1,
                    -0 -0 -1,
                    -0 -0 -1,
                    -0 -0 -1,
                    -0 -0 -1,
                    -0 -0 -1,
                    -0 -0 -1,
                    -0 -0 -1,
                    -0 -0 -1,
                    -0 -0 -1,
                    -0 -0 -1,
                    -0 -0 -1,
                    -0 -0 -1,
                    -0 -0 -1,
                    -0 -0 -1,
                    -0 -0 -1,
                    -0 -0 -1,
                    -0 -0 -1

                  ]
                }
                coordIndex [
                  71 0 36 -1 
                  70 36 35 -1 
                  69 35 34 -1 
                  68 34 33 -1 
                  67 33 32 -1 
                  29 64 30 -1 
                  28 63 29 -1 
                  27 62 28 -1 
                  26 61 27 -1 
                  25 60 26 -1 
                  24 59 25 -1 
                  23 58 24 -1 
                  22 57 23 -1 
                  21 56 22 -1 
                  20 55 21 -1 
                  19 54 20 -1 
                  18 53 19 -1 
                  17 52 18 -1 
                  16 51 17 -1 
                  15 50 16 -1 
                  14 49 15 -1 
                  13 48 14 -1 
                  12 47 13 -1 
                  11 46 12 -1 
                  10 45 11 -1 
                  9 44 10 -1 
                  8 43 9 -1 
                  7 42 8 -1 
                  6 41 7 -1 
                  5 40 6 -1 
                  4 39 5 -1 
                  3 38 4 -1 
                  2 37 3 -1 
                  0 1 2 -1 
                  66 32 31 -1 
                  65 31 30 -1 
                  37 2 1 -1 
                  38 3 37 -1 
                  39 4 38 -1 
                  40 5 39 -1 
                  41 6 40 -1 
                  42 7 41 -1 
                  43 8 42 -1 
                  44 9 43 -1 
                  45 10 44 -1 
                  46 11 45 -1 
                  47 12 46 -1 
                  48 13 47 -1 
                  49 14 48 -1 
                  50 15 49 -1 
                  51 16 50 -1 
                  52 17 51 -1 
                  53 18 52 -1 
                  54 19 53 -1 
                  55 20 54 -1 
                  56 21 55 -1 
                  57 22 56 -1 
                  58 23 57 -1 
                  59 24 58 -1 
                  60 25 59 -1 
                  61 26 60 -1 
                  62 27 61 -1 
                  63 28 62 -1 
                  64 29 63 -1 
                  65 30 64 -1 
                  66 31 65 -1 
                  67 32 66 -1 
                  68 33 67 -1 
                  69 34 68 -1 
                  70 35 69 -1 
                  71 36 70 -1 
                  1 0 71 -1 
                  3 0 2 -1 
                  4 0 3 -1 
                  5 0 4 -1 
                  6 0 5 -1 
                  7 0 6 -1 
                  8 0 7 -1 
                  9 0 8 -1 
                  10 0 9 -1 
                  11 0 10 -1 
                  12 0 11 -1 
                  13 0 12 -1 
                  14 0 13 -1 
                  15 0 14 -1 
                  16 0 15 -1 
                  17 0 16 -1 
                  18 0 17 -1 
                  19 0 18 -1 
                  20 0 19 -1 
                  21 0 20 -1 
                  22 0 21 -1 
                  23 0 22 -1 
                  24 0 23 -1 
                  25 0 24 -1 
                  26 0 25 -1 
                  27 0 26 -1 
                  28 0 27 -1 
                  29 0 28 -1 
                  30 0 29 -1 
                  31 0 30 -1 
                  32 0 31 -1 
                  33 0 32 -1 
                  34 0 33 -1 
                  35 0 34 -1 
                  36 0 35 -1 
                  38 37 1 -1 
                  39 38 1 -1 
                  40 39 1 -1 
                  41 40 1 -1 
                  42 41 1 -1 
                  43 42 1 -1 
                  44 43 1 -1 
                  45 44 1 -1 
                  46 45 1 -1 
                  47 46 1 -1 
                  48 47 1 -1 
                  49 48 1 -1 
                  50 49 1 -1 
                  51 50 1 -1 
                  52 51 1 -1 
                  53 52 1 -1 
                  54 53 1 -1 
                  55 54 1 -1 
                  56 55 1 -1 
                  57 56 1 -1 
                  58 57 1 -1 
                  59 58 1 -1 
                  60 59 1 -1 
                  61 60 1 -1 
                  62 61 1 -1 
                  63 62 1 -1 
                  64 63 1 -1 
                  65 64 1 -1 
                  66 65 1 -1 
                  67 66 1 -1 
                  68 67 1 -1 
                  69 68 1 -1 
                  70 69 1 -1 
                  71 70 1 -1 
                ]
                normalIndex [
                  72 0 1 -1 
                  71 1 2 -1 
                  70 2 3 -1 
                  69 3 4 -1 
                  68 4 5 -1 
                  8 65 7 -1 
                  9 64 8 -1 
                  10 63 9 -1 
                  11 62 10 -1 
                  12 61 11 -1 
                  13 60 12 -1 
                  14 59 13 -1 
                  15 58 14 -1 
                  16 57 15 -1 
                  17 56 16 -1 
                  18 55 17 -1 
                  19 54 18 -1 
                  20 53 19 -1 
                  21 52 20 -1 
                  22 51 21 -1 
                  23 50 22 -1 
                  24 49 23 -1 
                  25 48 24 -1 
                  26 47 25 -1 
                  27 46 26 -1 
                  28 45 27 -1 
                  29 44 28 -1 
                  30 43 29 -1 
                  31 42 30 -1 
                  32 41 31 -1 
                  33 40 32 -1 
                  34 39 33 -1 
                  35 38 34 -1 
                  36 37 35 -1 
                  67 5 6 -1 
                  66 6 7 -1 
                  38 35 37 -1 
                  39 34 38 -1 
                  40 33 39 -1 
                  41 32 40 -1 
                  42 31 41 -1 
                  43 30 42 -1 
                  44 29 43 -1 
                  45 28 44 -1 
                  46 27 45 -1 
                  47 26 46 -1 
                  48 25 47 -1 
                  49 24 48 -1 
                  50 23 49 -1 
                  51 22 50 -1 
                  52 21 51 -1 
                  53 20 52 -1 
                  54 19 53 -1 
                  55 18 54 -1 
                  56 17 55 -1 
                  57 16 56 -1 
                  58 15 57 -1 
                  59 14 58 -1 
                  60 13 59 -1 
                  61 12 60 -1 
                  62 11 61 -1 
                  63 10 62 -1 
                  64 9 63 -1 
                  65 8 64 -1 
                  66 7 65 -1 
                  67 6 66 -1 
                  68 5 67 -1 
                  69 4 68 -1 
                  70 3 69 -1 
                  71 2 70 -1 
                  72 1 71 -1 
                  73 0 72 -1 
                  76 74 75 -1 
                  77 74 76 -1 
                  78 74 77 -1 
                  79 74 78 -1 
                  80 74 79 -1 
                  81 74 80 -1 
                  82 74 81 -1 
                  83 74 82 -1 
                  84 74 83 -1 
                  85 74 84 -1 
                  86 74 85 -1 
                  87 74 86 -1 
                  88 74 87 -1 
                  89 74 88 -1 
                  90 74 89 -1 
                  91 74 90 -1 
                  92 74 91 -1 
                  93 74 92 -1 
                  94 74 93 -1 
                  95 74 94 -1 
                  96 74 95 -1 
                  97 74 96 -1 
                  98 74 97 -1 
                  99 74 98 -1 
                  100 74 99 -1 
                  101 74 100 -1 
                  102 74 101 -1 
                  103 74 102 -1 
                  104 74 103 -1 
                  105 74 104 -1 
                  106 74 105 -1 
                  107 74 106 -1 
                  108 74 107 -1 
                  109 74 108 -1 
                  112 111 110 -1 
                  113 112 110 -1 
                  114 113 110 -1 
                  115 114 110 -1 
                  116 115 110 -1 
                  117 116 110 -1 
                  118 117 110 -1 
                  119 118 110 -1 
                  120 119 110 -1 
                  121 120 110 -1 
                  122 121 110 -1 
                  123 122 110 -1 
                  124 123 110 -1 
                  125 124 110 -1 
                  126 125 110 -1 
                  127 126 110 -1 
                  128 127 110 -1 
                  129 128 110 -1 
                  130 129 110 -1 
                  131 130 110 -1 
                  132 131 110 -1 
                  133 132 110 -1 
                  134 133 110 -1 
                  135 134 110 -1 
                  136 135 110 -1 
                  137 136 110 -1 
                  138 137 110 -1 
                  139 138 110 -1 
                  140 139 110 -1 
                  141 140 110 -1 
                  142 141 110 -1 
                  143 142 110 -1 
                  144 143 110 -1 
                  145 144 110 -1 
                ]
              }
            }
            DEF Leads_13 Shape {
              appearance DEF __59 Appearance {
                material DEF __60 Material {
                  ambientIntensity 0.260947436094
                  diffuseColor 0.73400002718 0.773000001907 0.79699999094
                  shininess 0
                }
              }
              geometry DEF __61 IndexedFaceSet {
                solid FALSE
                coord Coordinate {
                  point [
                    0.01095 -0.00623 0.0001,
                    0.01095 -0.00623 -0.005,
                    0.0109462019383 -0.00618658795558 0.0001,
                    0.0109349231552 -0.00614449496417 0.0001,
                    0.0109165063509 -0.006105 0.0001,
                    0.0108915111108 -0.00606930309758 0.0001,
                    0.0108606969024 -0.00603848888922 0.0001,
                    0.010825 -0.00601349364905 0.0001,
                    0.0107855050358 -0.0059950768448 0.0001,
                    0.0107434120444 -0.00598379806175 0.0001,
                    0.0107 -0.00598 0.0001,
                    0.0106565879556 -0.00598379806175 0.0001,
                    0.0106144949642 -0.0059950768448 0.0001,
                    0.010575 -0.00601349364905 0.0001,
                    0.0105393030976 -0.00603848888922 0.0001,
                    0.0105084888892 -0.00606930309758 0.0001,
                    0.0104834936491 -0.006105 0.0001,
                    0.0104650768448 -0.00614449496417 0.0001,
                    0.0104537980617 -0.00618658795558 0.0001,
                    0.01045 -0.00623 0.0001,
                    0.0104537980617 -0.00627341204442 0.0001,
                    0.0104650768448 -0.00631550503583 0.0001,
                    0.0104834936491 -0.006355 0.0001,
                    0.0105084888892 -0.00639069690242 0.0001,
                    0.0105393030976 -0.00642151111078 0.0001,
                    0.010575 -0.00644650635095 0.0001,
                    0.0106144949642 -0.0064649231552 0.0001,
                    0.0106565879556 -0.00647620193825 0.0001,
                    0.0107 -0.00648 0.0001,
                    0.0107434120444 -0.00647620193825 0.0001,
                    0.0107855050358 -0.0064649231552 0.0001,
                    0.010825 -0.00644650635095 0.0001,
                    0.0108606969024 -0.00642151111078 0.0001,
                    0.0108915111108 -0.00639069690242 0.0001,
                    0.0109165063509 -0.006355 0.0001,
                    0.0109349231552 -0.00631550503583 0.0001,
                    0.0109462019383 -0.00627341204442 0.0001,
                    0.0109462019383 -0.00618658795558 -0.005,
                    0.0109349231552 -0.00614449496417 -0.005,
                    0.0109165063509 -0.006105 -0.005,
                    0.0108915111108 -0.00606930309758 -0.005,
                    0.0108606969024 -0.00603848888922 -0.005,
                    0.010825 -0.00601349364905 -0.005,
                    0.0107855050358 -0.0059950768448 -0.005,
                    0.0107434120444 -0.00598379806175 -0.005,
                    0.0107 -0.00598 -0.005,
                    0.0106565879556 -0.00598379806175 -0.005,
                    0.0106144949642 -0.0059950768448 -0.005,
                    0.010575 -0.00601349364905 -0.005,
                    0.0105393030976 -0.00603848888922 -0.005,
                    0.0105084888892 -0.00606930309758 -0.005,
                    0.0104834936491 -0.006105 -0.005,
                    0.0104650768448 -0.00614449496417 -0.005,
                    0.0104537980617 -0.00618658795558 -0.005,
                    0.01045 -0.00623 -0.005,
                    0.0104537980617 -0.00627341204442 -0.005,
                    0.0104650768448 -0.00631550503583 -0.005,
                    0.0104834936491 -0.006355 -0.005,
                    0.0105084888892 -0.00639069690242 -0.005,
                    0.0105393030976 -0.00642151111078 -0.005,
                    0.010575 -0.00644650635095 -0.005,
                    0.0106144949642 -0.0064649231552 -0.005,
                    0.0106565879556 -0.00647620193825 -0.005,
                    0.0107 -0.00648 -0.005,
                    0.0107434120444 -0.00647620193825 -0.005,
                    0.0107855050358 -0.0064649231552 -0.005,
                    0.010825 -0.00644650635095 -0.005,
                    0.0108606969024 -0.00642151111078 -0.005,
                    0.0108915111108 -0.00639069690242 -0.005,
                    0.0109165063509 -0.006355 -0.005,
                    0.0109349231552 -0.00631550503583 -0.005,
                    0.0109462019383 -0.00627341204442 -0.005

                  ]
                }
                normal Normal {
                  vector [
                    1 0 0,
                    0.98480773 -0.17364818 0,
                    0.93969262 -0.34202015 0,
                    0.86602539 -0.5 0,
                    0.76604444 -0.64278764 0,
                    0.64278764 -0.76604444 0,
                    0.5 -0.86602539 0,
                    0.34202015 -0.93969262 0,
                    0.17364818 -0.98480773 0,
                    0 -1 0,
                    -0.17364818 -0.98480773 0,
                    -0.34202015 -0.93969262 0,
                    -0.5 -0.86602539 0,
                    -0.64278764 -0.76604444 0,
                    -0.76604444 -0.64278764 0,
                    -0.86602539 -0.5 0,
                    -0.93969262 -0.34202015 0,
                    -0.98480773 -0.17364818 0,
                    -1 0 0,
                    -0.98480773 0.17364818 0,
                    -0.93969262 0.34202015 0,
                    -0.86602539 0.5 0,
                    -0.76604444 0.64278764 0,
                    -0.64278764 0.76604444 0,
                    -0.5 0.86602539 0,
                    -0.34202015 0.93969262 0,
                    -0.17364818 0.98480773 0,
                    0 1 0,
                    0.17364818 0.98480773 0,
                    0.34202015 0.93969262 0,
                    0.5 0.86602539 0,
                    0.64278764 0.76604444 0,
                    0.76604444 0.64278764 0,
                    0.86602539 0.5 0,
                    0.93969262 0.34202015 0,
                    0.98480773 0.17364818 0,
                    1 0 0,
                    1 0 0,
                    0.98480773 0.17364818 0,
                    0.93969262 0.34202015 0,
                    0.86602539 0.5 0,
                    0.76604444 0.64278764 0,
                    0.64278764 0.76604444 0,
                    0.5 0.86602539 0,
                    0.34202015 0.93969262 0,
                    0.17364818 0.98480773 0,
                    0 1 0,
                    -0.17364818 0.98480773 0,
                    -0.34202015 0.93969262 0,
                    -0.5 0.86602539 0,
                    -0.64278764 0.76604444 0,
                    -0.76604444 0.64278764 0,
                    -0.86602539 0.5 0,
                    -0.93969262 0.34202015 0,
                    -0.98480773 0.17364818 0,
                    -1 0 0,
                    -0.98480773 -0.17364818 0,
                    -0.93969262 -0.34202015 0,
                    -0.86602539 -0.5 0,
                    -0.76604444 -0.64278764 0,
                    -0.64278764 -0.76604444 0,
                    -0.5 -0.86602539 0,
                    -0.34202015 -0.93969262 0,
                    -0.17364818 -0.98480773 0,
                    0 -1 0,
                    0.17364818 -0.98480773 0,
                    0.34202015 -0.93969262 0,
                    0.5 -0.86602539 0,
                    0.64278764 -0.76604444 0,
                    0.76604444 -0.64278764 0,
                    0.86602539 -0.5 0,
                    0.93969262 -0.34202015 0,
                    0.98480773 -0.17364818 0,
                    1 0 0,
                    0 0 1,
                    0 0 1,
                    0 0 1,
                    0 0 1,
                    0 0 1,
                    0 0 1,
                    0 0 1,
                    0 0 1,
                    0 0 1,
                    0 0 1,
                    0 0 1,
                    0 0 1,
                    0 0 1,
                    0 0 1,
                    0 0 1,
                    0 0 1,
                    0 0 1,
                    0 0 1,
                    0 0 1,
                    0 0 1,
                    0 0 1,
                    0 0 1,
                    0 0 1,
                    0 0 1,
                    0 0 1,
                    0 0 1,
                    0 0 1,
                    0 0 1,
                    0 0 1,
                    0 0 1,
                    0 0 1,
                    0 0 1,
                    0 0 1,
                    0 0 1,
                    0 0 1,
                    0 0 1,
                    -0 -0 -1,
                    -0 -0 -1,
                    -0 -0 -1,
                    -0 -0 -1,
                    -0 -0 -1,
                    -0 -0 -1,
                    -0 -0 -1,
                    -0 -0 -1,
                    -0 -0 -1,
                    -0 -0 -1,
                    -0 -0 -1,
                    -0 -0 -1,
                    -0 -0 -1,
                    -0 -0 -1,
                    -0 -0 -1,
                    -0 -0 -1,
                    -0 -0 -1,
                    -0 -0 -1,
                    -0 -0 -1,
                    -0 -0 -1,
                    -0 -0 -1,
                    -0 -0 -1,
                    -0 -0 -1,
                    -0 -0 -1,
                    -0 -0 -1,
                    -0 -0 -1,
                    -0 -0 -1,
                    -0 -0 -1,
                    -0 -0 -1,
                    -0 -0 -1,
                    -0 -0 -1,
                    -0 -0 -1,
                    -0 -0 -1,
                    -0 -0 -1,
                    -0 -0 -1,
                    -0 -0 -1

                  ]
                }
                coordIndex [
                  71 0 36 -1 
                  70 36 35 -1 
                  69 35 34 -1 
                  68 34 33 -1 
                  67 33 32 -1 
                  29 64 30 -1 
                  28 63 29 -1 
                  27 62 28 -1 
                  26 61 27 -1 
                  25 60 26 -1 
                  24 59 25 -1 
                  23 58 24 -1 
                  22 57 23 -1 
                  21 56 22 -1 
                  20 55 21 -1 
                  19 54 20 -1 
                  18 53 19 -1 
                  17 52 18 -1 
                  16 51 17 -1 
                  15 50 16 -1 
                  14 49 15 -1 
                  13 48 14 -1 
                  12 47 13 -1 
                  11 46 12 -1 
                  10 45 11 -1 
                  9 44 10 -1 
                  8 43 9 -1 
                  7 42 8 -1 
                  6 41 7 -1 
                  5 40 6 -1 
                  4 39 5 -1 
                  3 38 4 -1 
                  2 37 3 -1 
                  0 1 2 -1 
                  66 32 31 -1 
                  65 31 30 -1 
                  37 2 1 -1 
                  38 3 37 -1 
                  39 4 38 -1 
                  40 5 39 -1 
                  41 6 40 -1 
                  42 7 41 -1 
                  43 8 42 -1 
                  44 9 43 -1 
                  45 10 44 -1 
                  46 11 45 -1 
                  47 12 46 -1 
                  48 13 47 -1 
                  49 14 48 -1 
                  50 15 49 -1 
                  51 16 50 -1 
                  52 17 51 -1 
                  53 18 52 -1 
                  54 19 53 -1 
                  55 20 54 -1 
                  56 21 55 -1 
                  57 22 56 -1 
                  58 23 57 -1 
                  59 24 58 -1 
                  60 25 59 -1 
                  61 26 60 -1 
                  62 27 61 -1 
                  63 28 62 -1 
                  64 29 63 -1 
                  65 30 64 -1 
                  66 31 65 -1 
                  67 32 66 -1 
                  68 33 67 -1 
                  69 34 68 -1 
                  70 35 69 -1 
                  71 36 70 -1 
                  1 0 71 -1 
                  3 0 2 -1 
                  4 0 3 -1 
                  5 0 4 -1 
                  6 0 5 -1 
                  7 0 6 -1 
                  8 0 7 -1 
                  9 0 8 -1 
                  10 0 9 -1 
                  11 0 10 -1 
                  12 0 11 -1 
                  13 0 12 -1 
                  14 0 13 -1 
                  15 0 14 -1 
                  16 0 15 -1 
                  17 0 16 -1 
                  18 0 17 -1 
                  19 0 18 -1 
                  20 0 19 -1 
                  21 0 20 -1 
                  22 0 21 -1 
                  23 0 22 -1 
                  24 0 23 -1 
                  25 0 24 -1 
                  26 0 25 -1 
                  27 0 26 -1 
                  28 0 27 -1 
                  29 0 28 -1 
                  30 0 29 -1 
                  31 0 30 -1 
                  32 0 31 -1 
                  33 0 32 -1 
                  34 0 33 -1 
                  35 0 34 -1 
                  36 0 35 -1 
                  38 37 1 -1 
                  39 38 1 -1 
                  40 39 1 -1 
                  41 40 1 -1 
                  42 41 1 -1 
                  43 42 1 -1 
                  44 43 1 -1 
                  45 44 1 -1 
                  46 45 1 -1 
                  47 46 1 -1 
                  48 47 1 -1 
                  49 48 1 -1 
                  50 49 1 -1 
                  51 50 1 -1 
                  52 51 1 -1 
                  53 52 1 -1 
                  54 53 1 -1 
                  55 54 1 -1 
                  56 55 1 -1 
                  57 56 1 -1 
                  58 57 1 -1 
                  59 58 1 -1 
                  60 59 1 -1 
                  61 60 1 -1 
                  62 61 1 -1 
                  63 62 1 -1 
                  64 63 1 -1 
                  65 64 1 -1 
                  66 65 1 -1 
                  67 66 1 -1 
                  68 67 1 -1 
                  69 68 1 -1 
                  70 69 1 -1 
                  71 70 1 -1 
                ]
                normalIndex [
                  72 0 1 -1 
                  71 1 2 -1 
                  70 2 3 -1 
                  69 3 4 -1 
                  68 4 5 -1 
                  8 65 7 -1 
                  9 64 8 -1 
                  10 63 9 -1 
                  11 62 10 -1 
                  12 61 11 -1 
                  13 60 12 -1 
                  14 59 13 -1 
                  15 58 14 -1 
                  16 57 15 -1 
                  17 56 16 -1 
                  18 55 17 -1 
                  19 54 18 -1 
                  20 53 19 -1 
                  21 52 20 -1 
                  22 51 21 -1 
                  23 50 22 -1 
                  24 49 23 -1 
                  25 48 24 -1 
                  26 47 25 -1 
                  27 46 26 -1 
                  28 45 27 -1 
                  29 44 28 -1 
                  30 43 29 -1 
                  31 42 30 -1 
                  32 41 31 -1 
                  33 40 32 -1 
                  34 39 33 -1 
                  35 38 34 -1 
                  36 37 35 -1 
                  67 5 6 -1 
                  66 6 7 -1 
                  38 35 37 -1 
                  39 34 38 -1 
                  40 33 39 -1 
                  41 32 40 -1 
                  42 31 41 -1 
                  43 30 42 -1 
                  44 29 43 -1 
                  45 28 44 -1 
                  46 27 45 -1 
                  47 26 46 -1 
                  48 25 47 -1 
                  49 24 48 -1 
                  50 23 49 -1 
                  51 22 50 -1 
                  52 21 51 -1 
                  53 20 52 -1 
                  54 19 53 -1 
                  55 18 54 -1 
                  56 17 55 -1 
                  57 16 56 -1 
                  58 15 57 -1 
                  59 14 58 -1 
                  60 13 59 -1 
                  61 12 60 -1 
                  62 11 61 -1 
                  63 10 62 -1 
                  64 9 63 -1 
                  65 8 64 -1 
                  66 7 65 -1 
                  67 6 66 -1 
                  68 5 67 -1 
                  69 4 68 -1 
                  70 3 69 -1 
                  71 2 70 -1 
                  72 1 71 -1 
                  73 0 72 -1 
                  76 74 75 -1 
                  77 74 76 -1 
                  78 74 77 -1 
                  79 74 78 -1 
                  80 74 79 -1 
                  81 74 80 -1 
                  82 74 81 -1 
                  83 74 82 -1 
                  84 74 83 -1 
                  85 74 84 -1 
                  86 74 85 -1 
                  87 74 86 -1 
                  88 74 87 -1 
                  89 74 88 -1 
                  90 74 89 -1 
                  91 74 90 -1 
                  92 74 91 -1 
                  93 74 92 -1 
                  94 74 93 -1 
                  95 74 94 -1 
                  96 74 95 -1 
                  97 74 96 -1 
                  98 74 97 -1 
                  99 74 98 -1 
                  100 74 99 -1 
                  101 74 100 -1 
                  102 74 101 -1 
                  103 74 102 -1 
                  104 74 103 -1 
                  105 74 104 -1 
                  106 74 105 -1 
                  107 74 106 -1 
                  108 74 107 -1 
                  109 74 108 -1 
                  112 111 110 -1 
                  113 112 110 -1 
                  114 113 110 -1 
                  115 114 110 -1 
                  116 115 110 -1 
                  117 116 110 -1 
                  118 117 110 -1 
                  119 118 110 -1 
                  120 119 110 -1 
                  121 120 110 -1 
                  122 121 110 -1 
                  123 122 110 -1 
                  124 123 110 -1 
                  125 124 110 -1 
                  126 125 110 -1 
                  127 126 110 -1 
                  128 127 110 -1 
                  129 128 110 -1 
                  130 129 110 -1 
                  131 130 110 -1 
                  132 131 110 -1 
                  133 132 110 -1 
                  134 133 110 -1 
                  135 134 110 -1 
                  136 135 110 -1 
                  137 136 110 -1 
                  138 137 110 -1 
                  139 138 110 -1 
                  140 139 110 -1 
                  141 140 110 -1 
                  142 141 110 -1 
                  143 142 110 -1 
                  144 143 110 -1 
                  145 144 110 -1 
                ]
              }
            }
            DEF Leads_14 Shape {
              appearance DEF __63 Appearance {
                material DEF __64 Material {
                  ambientIntensity 0.260947436094
                  diffuseColor 0.73400002718 0.773000001907 0.79699999094
                  shininess 0
                }
              }
              geometry DEF __65 IndexedFaceSet {
                solid FALSE
                coord Coordinate {
                  point [
                    0.01095 -0.00445 0.0001,
                    0.01095 -0.00445 -0.005,
                    0.0109462019383 -0.00440658795558 0.0001,
                    0.0109349231552 -0.00436449496417 0.0001,
                    0.0109165063509 -0.004325 0.0001,
                    0.0108915111108 -0.00428930309758 0.0001,
                    0.0108606969024 -0.00425848888922 0.0001,
                    0.010825 -0.00423349364905 0.0001,
                    0.0107855050358 -0.0042150768448 0.0001,
                    0.0107434120444 -0.00420379806175 0.0001,
                    0.0107 -0.0042 0.0001,
                    0.0106565879556 -0.00420379806175 0.0001,
                    0.0106144949642 -0.0042150768448 0.0001,
                    0.010575 -0.00423349364905 0.0001,
                    0.0105393030976 -0.00425848888922 0.0001,
                    0.0105084888892 -0.00428930309758 0.0001,
                    0.0104834936491 -0.004325 0.0001,
                    0.0104650768448 -0.00436449496417 0.0001,
                    0.0104537980617 -0.00440658795558 0.0001,
                    0.01045 -0.00445 0.0001,
                    0.0104537980617 -0.00449341204442 0.0001,
                    0.0104650768448 -0.00453550503583 0.0001,
                    0.0104834936491 -0.004575 0.0001,
                    0.0105084888892 -0.00461069690242 0.0001,
                    0.0105393030976 -0.00464151111078 0.0001,
                    0.010575 -0.00466650635095 0.0001,
                    0.0106144949642 -0.0046849231552 0.0001,
                    0.0106565879556 -0.00469620193825 0.0001,
                    0.0107 -0.0047 0.0001,
                    0.0107434120444 -0.00469620193825 0.0001,
                    0.0107855050358 -0.0046849231552 0.0001,
                    0.010825 -0.00466650635095 0.0001,
                    0.0108606969024 -0.00464151111078 0.0001,
                    0.0108915111108 -0.00461069690242 0.0001,
                    0.0109165063509 -0.004575 0.0001,
                    0.0109349231552 -0.00453550503583 0.0001,
                    0.0109462019383 -0.00449341204442 0.0001,
                    0.0109462019383 -0.00440658795558 -0.005,
                    0.0109349231552 -0.00436449496417 -0.005,
                    0.0109165063509 -0.004325 -0.005,
                    0.0108915111108 -0.00428930309758 -0.005,
                    0.0108606969024 -0.00425848888922 -0.005,
                    0.010825 -0.00423349364905 -0.005,
                    0.0107855050358 -0.0042150768448 -0.005,
                    0.0107434120444 -0.00420379806175 -0.005,
                    0.0107 -0.0042 -0.005,
                    0.0106565879556 -0.00420379806175 -0.005,
                    0.0106144949642 -0.0042150768448 -0.005,
                    0.010575 -0.00423349364905 -0.005,
                    0.0105393030976 -0.00425848888922 -0.005,
                    0.0105084888892 -0.00428930309758 -0.005,
                    0.0104834936491 -0.004325 -0.005,
                    0.0104650768448 -0.00436449496417 -0.005,
                    0.0104537980617 -0.00440658795558 -0.005,
                    0.01045 -0.00445 -0.005,
                    0.0104537980617 -0.00449341204442 -0.005,
                    0.0104650768448 -0.00453550503583 -0.005,
                    0.0104834936491 -0.004575 -0.005,
                    0.0105084888892 -0.00461069690242 -0.005,
                    0.0105393030976 -0.00464151111078 -0.005,
                    0.010575 -0.00466650635095 -0.005,
                    0.0106144949642 -0.0046849231552 -0.005,
                    0.0106565879556 -0.00469620193825 -0.005,
                    0.0107 -0.0047 -0.005,
                    0.0107434120444 -0.00469620193825 -0.005,
                    0.0107855050358 -0.0046849231552 -0.005,
                    0.010825 -0.00466650635095 -0.005,
                    0.0108606969024 -0.00464151111078 -0.005,
                    0.0108915111108 -0.00461069690242 -0.005,
                    0.0109165063509 -0.004575 -0.005,
                    0.0109349231552 -0.00453550503583 -0.005,
                    0.0109462019383 -0.00449341204442 -0.005

                  ]
                }
                normal Normal {
                  vector [
                    1 0 0,
                    0.98480773 -0.17364818 0,
                    0.93969262 -0.34202015 0,
                    0.86602539 -0.5 0,
                    0.76604444 -0.64278764 0,
                    0.64278764 -0.76604444 0,
                    0.5 -0.86602539 0,
                    0.34202015 -0.93969262 0,
                    0.17364818 -0.98480773 0,
                    0 -1 0,
                    -0.17364818 -0.98480773 0,
                    -0.34202015 -0.93969262 0,
                    -0.5 -0.86602539 0,
                    -0.64278764 -0.76604444 0,
                    -0.76604444 -0.64278764 0,
                    -0.86602539 -0.5 0,
                    -0.93969262 -0.34202015 0,
                    -0.98480773 -0.17364818 0,
                    -1 0 0,
                    -0.98480773 0.17364818 0,
                    -0.93969262 0.34202015 0,
                    -0.86602539 0.5 0,
                    -0.76604444 0.64278764 0,
                    -0.64278764 0.76604444 0,
                    -0.5 0.86602539 0,
                    -0.34202015 0.93969262 0,
                    -0.17364818 0.98480773 0,
                    0 1 0,
                    0.17364818 0.98480773 0,
                    0.34202015 0.93969262 0,
                    0.5 0.86602539 0,
                    0.64278764 0.76604444 0,
                    0.76604444 0.64278764 0,
                    0.86602539 0.5 0,
                    0.93969262 0.34202015 0,
                    0.98480773 0.17364818 0,
                    1 0 0,
                    1 0 0,
                    0.98480773 0.17364818 0,
                    0.93969262 0.34202015 0,
                    0.86602539 0.5 0,
                    0.76604444 0.64278764 0,
                    0.64278764 0.76604444 0,
                    0.5 0.86602539 0,
                    0.34202015 0.93969262 0,
                    0.17364818 0.98480773 0,
                    0 1 0,
                    -0.17364818 0.98480773 0,
                    -0.34202015 0.93969262 0,
                    -0.5 0.86602539 0,
                    -0.64278764 0.76604444 0,
                    -0.76604444 0.64278764 0,
                    -0.86602539 0.5 0,
                    -0.93969262 0.34202015 0,
                    -0.98480773 0.17364818 0,
                    -1 0 0,
                    -0.98480773 -0.17364818 0,
                    -0.93969262 -0.34202015 0,
                    -0.86602539 -0.5 0,
                    -0.76604444 -0.64278764 0,
                    -0.64278764 -0.76604444 0,
                    -0.5 -0.86602539 0,
                    -0.34202015 -0.93969262 0,
                    -0.17364818 -0.98480773 0,
                    0 -1 0,
                    0.17364818 -0.98480773 0,
                    0.34202015 -0.93969262 0,
                    0.5 -0.86602539 0,
                    0.64278764 -0.76604444 0,
                    0.76604444 -0.64278764 0,
                    0.86602539 -0.5 0,
                    0.93969262 -0.34202015 0,
                    0.98480773 -0.17364818 0,
                    1 0 0,
                    0 0 1,
                    0 0 1,
                    0 0 1,
                    0 0 1,
                    0 0 1,
                    0 0 1,
                    0 0 1,
                    0 0 1,
                    0 0 1,
                    0 0 1,
                    0 0 1,
                    0 0 1,
                    0 0 1,
                    0 0 1,
                    0 0 1,
                    0 0 1,
                    0 0 1,
                    0 0 1,
                    0 0 1,
                    0 0 1,
                    0 0 1,
                    0 0 1,
                    0 0 1,
                    0 0 1,
                    0 0 1,
                    0 0 1,
                    0 0 1,
                    0 0 1,
                    0 0 1,
                    0 0 1,
                    0 0 1,
                    0 0 1,
                    0 0 1,
                    0 0 1,
                    0 0 1,
                    0 0 1,
                    -0 -0 -1,
                    -0 -0 -1,
                    -0 -0 -1,
                    -0 -0 -1,
                    -0 -0 -1,
                    -0 -0 -1,
                    -0 -0 -1,
                    -0 -0 -1,
                    -0 -0 -1,
                    -0 -0 -1,
                    -0 -0 -1,
                    -0 -0 -1,
                    -0 -0 -1,
                    -0 -0 -1,
                    -0 -0 -1,
                    -0 -0 -1,
                    -0 -0 -1,
                    -0 -0 -1,
                    -0 -0 -1,
                    -0 -0 -1,
                    -0 -0 -1,
                    -0 -0 -1,
                    -0 -0 -1,
                    -0 -0 -1,
                    -0 -0 -1,
                    -0 -0 -1,
                    -0 -0 -1,
                    -0 -0 -1,
                    -0 -0 -1,
                    -0 -0 -1,
                    -0 -0 -1,
                    -0 -0 -1,
                    -0 -0 -1,
                    -0 -0 -1,
                    -0 -0 -1,
                    -0 -0 -1

                  ]
                }
                coordIndex [
                  71 0 36 -1 
                  70 36 35 -1 
                  69 35 34 -1 
                  68 34 33 -1 
                  67 33 32 -1 
                  29 64 30 -1 
                  28 63 29 -1 
                  27 62 28 -1 
                  26 61 27 -1 
                  25 60 26 -1 
                  24 59 25 -1 
                  23 58 24 -1 
                  22 57 23 -1 
                  21 56 22 -1 
                  20 55 21 -1 
                  19 54 20 -1 
                  18 53 19 -1 
                  17 52 18 -1 
                  16 51 17 -1 
                  15 50 16 -1 
                  14 49 15 -1 
                  13 48 14 -1 
                  12 47 13 -1 
                  11 46 12 -1 
                  10 45 11 -1 
                  9 44 10 -1 
                  8 43 9 -1 
                  7 42 8 -1 
                  6 41 7 -1 
                  5 40 6 -1 
                  4 39 5 -1 
                  3 38 4 -1 
                  2 37 3 -1 
                  0 1 2 -1 
                  66 32 31 -1 
                  65 31 30 -1 
                  37 2 1 -1 
                  38 3 37 -1 
                  39 4 38 -1 
                  40 5 39 -1 
                  41 6 40 -1 
                  42 7 41 -1 
                  43 8 42 -1 
                  44 9 43 -1 
                  45 10 44 -1 
                  46 11 45 -1 
                  47 12 46 -1 
                  48 13 47 -1 
                  49 14 48 -1 
                  50 15 49 -1 
                  51 16 50 -1 
                  52 17 51 -1 
                  53 18 52 -1 
                  54 19 53 -1 
                  55 20 54 -1 
                  56 21 55 -1 
                  57 22 56 -1 
                  58 23 57 -1 
                  59 24 58 -1 
                  60 25 59 -1 
                  61 26 60 -1 
                  62 27 61 -1 
                  63 28 62 -1 
                  64 29 63 -1 
                  65 30 64 -1 
                  66 31 65 -1 
                  67 32 66 -1 
                  68 33 67 -1 
                  69 34 68 -1 
                  70 35 69 -1 
                  71 36 70 -1 
                  1 0 71 -1 
                  3 0 2 -1 
                  4 0 3 -1 
                  5 0 4 -1 
                  6 0 5 -1 
                  7 0 6 -1 
                  8 0 7 -1 
                  9 0 8 -1 
                  10 0 9 -1 
                  11 0 10 -1 
                  12 0 11 -1 
                  13 0 12 -1 
                  14 0 13 -1 
                  15 0 14 -1 
                  16 0 15 -1 
                  17 0 16 -1 
                  18 0 17 -1 
                  19 0 18 -1 
                  20 0 19 -1 
                  21 0 20 -1 
                  22 0 21 -1 
                  23 0 22 -1 
                  24 0 23 -1 
                  25 0 24 -1 
                  26 0 25 -1 
                  27 0 26 -1 
                  28 0 27 -1 
                  29 0 28 -1 
                  30 0 29 -1 
                  31 0 30 -1 
                  32 0 31 -1 
                  33 0 32 -1 
                  34 0 33 -1 
                  35 0 34 -1 
                  36 0 35 -1 
                  38 37 1 -1 
                  39 38 1 -1 
                  40 39 1 -1 
                  41 40 1 -1 
                  42 41 1 -1 
                  43 42 1 -1 
                  44 43 1 -1 
                  45 44 1 -1 
                  46 45 1 -1 
                  47 46 1 -1 
                  48 47 1 -1 
                  49 48 1 -1 
                  50 49 1 -1 
                  51 50 1 -1 
                  52 51 1 -1 
                  53 52 1 -1 
                  54 53 1 -1 
                  55 54 1 -1 
                  56 55 1 -1 
                  57 56 1 -1 
                  58 57 1 -1 
                  59 58 1 -1 
                  60 59 1 -1 
                  61 60 1 -1 
                  62 61 1 -1 
                  63 62 1 -1 
                  64 63 1 -1 
                  65 64 1 -1 
                  66 65 1 -1 
                  67 66 1 -1 
                  68 67 1 -1 
                  69 68 1 -1 
                  70 69 1 -1 
                  71 70 1 -1 
                ]
                normalIndex [
                  72 0 1 -1 
                  71 1 2 -1 
                  70 2 3 -1 
                  69 3 4 -1 
                  68 4 5 -1 
                  8 65 7 -1 
                  9 64 8 -1 
                  10 63 9 -1 
                  11 62 10 -1 
                  12 61 11 -1 
                  13 60 12 -1 
                  14 59 13 -1 
                  15 58 14 -1 
                  16 57 15 -1 
                  17 56 16 -1 
                  18 55 17 -1 
                  19 54 18 -1 
                  20 53 19 -1 
                  21 52 20 -1 
                  22 51 21 -1 
                  23 50 22 -1 
                  24 49 23 -1 
                  25 48 24 -1 
                  26 47 25 -1 
                  27 46 26 -1 
                  28 45 27 -1 
                  29 44 28 -1 
                  30 43 29 -1 
                  31 42 30 -1 
                  32 41 31 -1 
                  33 40 32 -1 
                  34 39 33 -1 
                  35 38 34 -1 
                  36 37 35 -1 
                  67 5 6 -1 
                  66 6 7 -1 
                  38 35 37 -1 
                  39 34 38 -1 
                  40 33 39 -1 
                  41 32 40 -1 
                  42 31 41 -1 
                  43 30 42 -1 
                  44 29 43 -1 
                  45 28 44 -1 
                  46 27 45 -1 
                  47 26 46 -1 
                  48 25 47 -1 
                  49 24 48 -1 
                  50 23 49 -1 
                  51 22 50 -1 
                  52 21 51 -1 
                  53 20 52 -1 
                  54 19 53 -1 
                  55 18 54 -1 
                  56 17 55 -1 
                  57 16 56 -1 
                  58 15 57 -1 
                  59 14 58 -1 
                  60 13 59 -1 
                  61 12 60 -1 
                  62 11 61 -1 
                  63 10 62 -1 
                  64 9 63 -1 
                  65 8 64 -1 
                  66 7 65 -1 
                  67 6 66 -1 
                  68 5 67 -1 
                  69 4 68 -1 
                  70 3 69 -1 
                  71 2 70 -1 
                  72 1 71 -1 
                  73 0 72 -1 
                  76 74 75 -1 
                  77 74 76 -1 
                  78 74 77 -1 
                  79 74 78 -1 
                  80 74 79 -1 
                  81 74 80 -1 
                  82 74 81 -1 
                  83 74 82 -1 
                  84 74 83 -1 
                  85 74 84 -1 
                  86 74 85 -1 
                  87 74 86 -1 
                  88 74 87 -1 
                  89 74 88 -1 
                  90 74 89 -1 
                  91 74 90 -1 
                  92 74 91 -1 
                  93 74 92 -1 
                  94 74 93 -1 
                  95 74 94 -1 
                  96 74 95 -1 
                  97 74 96 -1 
                  98 74 97 -1 
                  99 74 98 -1 
                  100 74 99 -1 
                  101 74 100 -1 
                  102 74 101 -1 
                  103 74 102 -1 
                  104 74 103 -1 
                  105 74 104 -1 
                  106 74 105 -1 
                  107 74 106 -1 
                  108 74 107 -1 
                  109 74 108 -1 
                  112 111 110 -1 
                  113 112 110 -1 
                  114 113 110 -1 
                  115 114 110 -1 
                  116 115 110 -1 
                  117 116 110 -1 
                  118 117 110 -1 
                  119 118 110 -1 
                  120 119 110 -1 
                  121 120 110 -1 
                  122 121 110 -1 
                  123 122 110 -1 
                  124 123 110 -1 
                  125 124 110 -1 
                  126 125 110 -1 
                  127 126 110 -1 
                  128 127 110 -1 
                  129 128 110 -1 
                  130 129 110 -1 
                  131 130 110 -1 
                  132 131 110 -1 
                  133 132 110 -1 
                  134 133 110 -1 
                  135 134 110 -1 
                  136 135 110 -1 
                  137 136 110 -1 
                  138 137 110 -1 
                  139 138 110 -1 
                  140 139 110 -1 
                  141 140 110 -1 
                  142 141 110 -1 
                  143 142 110 -1 
                  144 143 110 -1 
                  145 144 110 -1 
                ]
              }
            }
            DEF Leads_15 Shape {
              appearance DEF __67 Appearance {
                material DEF __68 Material {
                  ambientIntensity 0.260947436094
                  diffuseColor 0.73400002718 0.773000001907 0.79699999094
                  shininess 0
                }
              }
              geometry DEF __69 IndexedFaceSet {
                solid FALSE
                coord Coordinate {
                  point [
                    0.01095 -0.00267 0.0001,
                    0.01095 -0.00267 -0.005,
                    0.0109462019383 -0.00262658795558 0.0001,
                    0.0109349231552 -0.00258449496417 0.0001,
                    0.0109165063509 -0.002545 0.0001,
                    0.0108915111108 -0.00250930309758 0.0001,
                    0.0108606969024 -0.00247848888922 0.0001,
                    0.010825 -0.00245349364905 0.0001,
                    0.0107855050358 -0.0024350768448 0.0001,
                    0.0107434120444 -0.00242379806175 0.0001,
                    0.0107 -0.00242 0.0001,
                    0.0106565879556 -0.00242379806175 0.0001,
                    0.0106144949642 -0.0024350768448 0.0001,
                    0.010575 -0.00245349364905 0.0001,
                    0.0105393030976 -0.00247848888922 0.0001,
                    0.0105084888892 -0.00250930309758 0.0001,
                    0.0104834936491 -0.002545 0.0001,
                    0.0104650768448 -0.00258449496417 0.0001,
                    0.0104537980617 -0.00262658795558 0.0001,
                    0.01045 -0.00267 0.0001,
                    0.0104537980617 -0.00271341204442 0.0001,
                    0.0104650768448 -0.00275550503583 0.0001,
                    0.0104834936491 -0.002795 0.0001,
                    0.0105084888892 -0.00283069690242 0.0001,
                    0.0105393030976 -0.00286151111078 0.0001,
                    0.010575 -0.00288650635095 0.0001,
                    0.0106144949642 -0.0029049231552 0.0001,
                    0.0106565879556 -0.00291620193825 0.0001,
                    0.0107 -0.00292 0.0001,
                    0.0107434120444 -0.00291620193825 0.0001,
                    0.0107855050358 -0.0029049231552 0.0001,
                    0.010825 -0.00288650635095 0.0001,
                    0.0108606969024 -0.00286151111078 0.0001,
                    0.0108915111108 -0.00283069690242 0.0001,
                    0.0109165063509 -0.002795 0.0001,
                    0.0109349231552 -0.00275550503583 0.0001,
                    0.0109462019383 -0.00271341204442 0.0001,
                    0.0109462019383 -0.00262658795558 -0.005,
                    0.0109349231552 -0.00258449496417 -0.005,
                    0.0109165063509 -0.002545 -0.005,
                    0.0108915111108 -0.00250930309758 -0.005,
                    0.0108606969024 -0.00247848888922 -0.005,
                    0.010825 -0.00245349364905 -0.005,
                    0.0107855050358 -0.0024350768448 -0.005,
                    0.0107434120444 -0.00242379806175 -0.005,
                    0.0107 -0.00242 -0.005,
                    0.0106565879556 -0.00242379806175 -0.005,
                    0.0106144949642 -0.0024350768448 -0.005,
                    0.010575 -0.00245349364905 -0.005,
                    0.0105393030976 -0.00247848888922 -0.005,
                    0.0105084888892 -0.00250930309758 -0.005,
                    0.0104834936491 -0.002545 -0.005,
                    0.0104650768448 -0.00258449496417 -0.005,
                    0.0104537980617 -0.00262658795558 -0.005,
                    0.01045 -0.00267 -0.005,
                    0.0104537980617 -0.00271341204442 -0.005,
                    0.0104650768448 -0.00275550503583 -0.005,
                    0.0104834936491 -0.002795 -0.005,
                    0.0105084888892 -0.00283069690242 -0.005,
                    0.0105393030976 -0.00286151111078 -0.005,
                    0.010575 -0.00288650635095 -0.005,
                    0.0106144949642 -0.0029049231552 -0.005,
                    0.0106565879556 -0.00291620193825 -0.005,
                    0.0107 -0.00292 -0.005,
                    0.0107434120444 -0.00291620193825 -0.005,
                    0.0107855050358 -0.0029049231552 -0.005,
                    0.010825 -0.00288650635095 -0.005,
                    0.0108606969024 -0.00286151111078 -0.005,
                    0.0108915111108 -0.00283069690242 -0.005,
                    0.0109165063509 -0.002795 -0.005,
                    0.0109349231552 -0.00275550503583 -0.005,
                    0.0109462019383 -0.00271341204442 -0.005

                  ]
                }
                normal Normal {
                  vector [
                    1 -4.4408921e-16 0,
                    0.98480773 -0.17364818 0,
                    0.93969262 -0.34202015 0,
                    0.86602539 -0.5 0,
                    0.76604444 -0.64278764 0,
                    0.64278764 -0.76604444 0,
                    0.5 -0.86602539 0,
                    0.34202015 -0.93969262 0,
                    0.17364818 -0.98480773 0,
                    0 -1 0,
                    -0.17364818 -0.98480773 0,
                    -0.34202015 -0.93969262 0,
                    -0.5 -0.86602539 0,
                    -0.64278764 -0.76604444 0,
                    -0.76604444 -0.64278764 0,
                    -0.86602539 -0.5 0,
                    -0.93969262 -0.34202015 0,
                    -0.98480773 -0.17364818 0,
                    -1 0 0,
                    -0.98480773 0.17364818 0,
                    -0.93969262 0.34202015 0,
                    -0.86602539 0.5 0,
                    -0.76604444 0.64278764 0,
                    -0.64278764 0.76604444 0,
                    -0.5 0.86602539 0,
                    -0.34202015 0.93969262 0,
                    -0.17364818 0.98480773 0,
                    0 1 0,
                    0.17364818 0.98480773 0,
                    0.34202015 0.93969262 0,
                    0.5 0.86602539 0,
                    0.64278764 0.76604444 0,
                    0.76604444 0.64278764 0,
                    0.86602539 0.5 0,
                    0.93969262 0.34202015 0,
                    0.98480773 0.17364818 0,
                    1 0 0,
                    1 0 0,
                    0.98480773 0.17364818 0,
                    0.93969262 0.34202015 0,
                    0.86602539 0.5 0,
                    0.76604444 0.64278764 0,
                    0.64278764 0.76604444 0,
                    0.5 0.86602539 0,
                    0.34202015 0.93969262 0,
                    0.17364818 0.98480773 0,
                    0 1 0,
                    -0.17364818 0.98480773 0,
                    -0.34202015 0.93969262 0,
                    -0.5 0.86602539 0,
                    -0.64278764 0.76604444 0,
                    -0.76604444 0.64278764 0,
                    -0.86602539 0.5 0,
                    -0.93969262 0.34202015 0,
                    -0.98480773 0.17364818 0,
                    -1 0 0,
                    -0.98480773 -0.17364818 0,
                    -0.93969262 -0.34202015 0,
                    -0.86602539 -0.5 0,
                    -0.76604444 -0.64278764 0,
                    -0.64278764 -0.76604444 0,
                    -0.5 -0.86602539 0,
                    -0.34202015 -0.93969262 0,
                    -0.17364818 -0.98480773 0,
                    0 -1 0,
                    0.17364818 -0.98480773 0,
                    0.34202015 -0.93969262 0,
                    0.5 -0.86602539 0,
                    0.64278764 -0.76604444 0,
                    0.76604444 -0.64278764 0,
                    0.86602539 -0.5 0,
                    0.93969262 -0.34202015 0,
                    0.98480773 -0.17364818 0,
                    1 -4.4408921e-16 0,
                    0 0 1,
                    0 0 1,
                    0 0 1,
                    0 0 1,
                    0 0 1,
                    0 0 1,
                    0 0 1,
                    0 0 1,
                    0 0 1,
                    0 0 1,
                    0 0 1,
                    0 0 1,
                    0 0 1,
                    0 0 1,
                    0 0 1,
                    0 0 1,
                    0 0 1,
                    0 0 1,
                    0 0 1,
                    0 0 1,
                    0 0 1,
                    0 0 1,
                    0 0 1,
                    0 0 1,
                    0 0 1,
                    0 0 1,
                    0 0 1,
                    0 0 1,
                    0 0 1,
                    0 0 1,
                    0 0 1,
                    0 0 1,
                    0 0 1,
                    0 0 1,
                    0 0 1,
                    0 0 1,
                    -0 -0 -1,
                    -0 -0 -1,
                    -0 -0 -1,
                    -0 -0 -1,
                    -0 -0 -1,
                    -0 -0 -1,
                    -0 -0 -1,
                    -0 -0 -1,
                    -0 -0 -1,
                    -0 -0 -1,
                    -0 -0 -1,
                    -0 -0 -1,
                    -0 -0 -1,
                    -0 -0 -1,
                    -0 -0 -1,
                    -0 -0 -1,
                    -0 -0 -1,
                    -0 -0 -1,
                    -0 -0 -1,
                    -0 -0 -1,
                    -0 -0 -1,
                    -0 -0 -1,
                    -0 -0 -1,
                    -0 -0 -1,
                    -0 -0 -1,
                    -0 -0 -1,
                    -0 -0 -1,
                    -0 -0 -1,
                    -0 -0 -1,
                    -0 -0 -1,
                    -0 -0 -1,
                    -0 -0 -1,
                    -0 -0 -1,
                    -0 -0 -1,
                    -0 -0 -1,
                    -0 -0 -1

                  ]
                }
                coordIndex [
                  71 0 36 -1 
                  70 36 35 -1 
                  69 35 34 -1 
                  68 34 33 -1 
                  67 33 32 -1 
                  29 64 30 -1 
                  28 63 29 -1 
                  27 62 28 -1 
                  26 61 27 -1 
                  25 60 26 -1 
                  24 59 25 -1 
                  23 58 24 -1 
                  22 57 23 -1 
                  21 56 22 -1 
                  20 55 21 -1 
                  19 54 20 -1 
                  18 53 19 -1 
                  17 52 18 -1 
                  16 51 17 -1 
                  15 50 16 -1 
                  14 49 15 -1 
                  13 48 14 -1 
                  12 47 13 -1 
                  11 46 12 -1 
                  10 45 11 -1 
                  9 44 10 -1 
                  8 43 9 -1 
                  7 42 8 -1 
                  6 41 7 -1 
                  5 40 6 -1 
                  4 39 5 -1 
                  3 38 4 -1 
                  2 37 3 -1 
                  0 1 2 -1 
                  66 32 31 -1 
                  65 31 30 -1 
                  37 2 1 -1 
                  38 3 37 -1 
                  39 4 38 -1 
                  40 5 39 -1 
                  41 6 40 -1 
                  42 7 41 -1 
                  43 8 42 -1 
                  44 9 43 -1 
                  45 10 44 -1 
                  46 11 45 -1 
                  47 12 46 -1 
                  48 13 47 -1 
                  49 14 48 -1 
                  50 15 49 -1 
                  51 16 50 -1 
                  52 17 51 -1 
                  53 18 52 -1 
                  54 19 53 -1 
                  55 20 54 -1 
                  56 21 55 -1 
                  57 22 56 -1 
                  58 23 57 -1 
                  59 24 58 -1 
                  60 25 59 -1 
                  61 26 60 -1 
                  62 27 61 -1 
                  63 28 62 -1 
                  64 29 63 -1 
                  65 30 64 -1 
                  66 31 65 -1 
                  67 32 66 -1 
                  68 33 67 -1 
                  69 34 68 -1 
                  70 35 69 -1 
                  71 36 70 -1 
                  1 0 71 -1 
                  3 0 2 -1 
                  4 0 3 -1 
                  5 0 4 -1 
                  6 0 5 -1 
                  7 0 6 -1 
                  8 0 7 -1 
                  9 0 8 -1 
                  10 0 9 -1 
                  11 0 10 -1 
                  12 0 11 -1 
                  13 0 12 -1 
                  14 0 13 -1 
                  15 0 14 -1 
                  16 0 15 -1 
                  17 0 16 -1 
                  18 0 17 -1 
                  19 0 18 -1 
                  20 0 19 -1 
                  21 0 20 -1 
                  22 0 21 -1 
                  23 0 22 -1 
                  24 0 23 -1 
                  25 0 24 -1 
                  26 0 25 -1 
                  27 0 26 -1 
                  28 0 27 -1 
                  29 0 28 -1 
                  30 0 29 -1 
                  31 0 30 -1 
                  32 0 31 -1 
                  33 0 32 -1 
                  34 0 33 -1 
                  35 0 34 -1 
                  36 0 35 -1 
                  38 37 1 -1 
                  39 38 1 -1 
                  40 39 1 -1 
                  41 40 1 -1 
                  42 41 1 -1 
                  43 42 1 -1 
                  44 43 1 -1 
                  45 44 1 -1 
                  46 45 1 -1 
                  47 46 1 -1 
                  48 47 1 -1 
                  49 48 1 -1 
                  50 49 1 -1 
                  51 50 1 -1 
                  52 51 1 -1 
                  53 52 1 -1 
                  54 53 1 -1 
                  55 54 1 -1 
                  56 55 1 -1 
                  57 56 1 -1 
                  58 57 1 -1 
                  59 58 1 -1 
                  60 59 1 -1 
                  61 60 1 -1 
                  62 61 1 -1 
                  63 62 1 -1 
                  64 63 1 -1 
                  65 64 1 -1 
                  66 65 1 -1 
                  67 66 1 -1 
                  68 67 1 -1 
                  69 68 1 -1 
                  70 69 1 -1 
                  71 70 1 -1 
                ]
                normalIndex [
                  72 0 1 -1 
                  71 1 2 -1 
                  70 2 3 -1 
                  69 3 4 -1 
                  68 4 5 -1 
                  8 65 7 -1 
                  9 64 8 -1 
                  10 63 9 -1 
                  11 62 10 -1 
                  12 61 11 -1 
                  13 60 12 -1 
                  14 59 13 -1 
                  15 58 14 -1 
                  16 57 15 -1 
                  17 56 16 -1 
                  18 55 17 -1 
                  19 54 18 -1 
                  20 53 19 -1 
                  21 52 20 -1 
                  22 51 21 -1 
                  23 50 22 -1 
                  24 49 23 -1 
                  25 48 24 -1 
                  26 47 25 -1 
                  27 46 26 -1 
                  28 45 27 -1 
                  29 44 28 -1 
                  30 43 29 -1 
                  31 42 30 -1 
                  32 41 31 -1 
                  33 40 32 -1 
                  34 39 33 -1 
                  35 38 34 -1 
                  36 37 35 -1 
                  67 5 6 -1 
                  66 6 7 -1 
                  38 35 37 -1 
                  39 34 38 -1 
                  40 33 39 -1 
                  41 32 40 -1 
                  42 31 41 -1 
                  43 30 42 -1 
                  44 29 43 -1 
                  45 28 44 -1 
                  46 27 45 -1 
                  47 26 46 -1 
                  48 25 47 -1 
                  49 24 48 -1 
                  50 23 49 -1 
                  51 22 50 -1 
                  52 21 51 -1 
                  53 20 52 -1 
                  54 19 53 -1 
                  55 18 54 -1 
                  56 17 55 -1 
                  57 16 56 -1 
                  58 15 57 -1 
                  59 14 58 -1 
                  60 13 59 -1 
                  61 12 60 -1 
                  62 11 61 -1 
                  63 10 62 -1 
                  64 9 63 -1 
                  65 8 64 -1 
                  66 7 65 -1 
                  67 6 66 -1 
                  68 5 67 -1 
                  69 4 68 -1 
                  70 3 69 -1 
                  71 2 70 -1 
                  72 1 71 -1 
                  73 0 72 -1 
                  76 74 75 -1 
                  77 74 76 -1 
                  78 74 77 -1 
                  79 74 78 -1 
                  80 74 79 -1 
                  81 74 80 -1 
                  82 74 81 -1 
                  83 74 82 -1 
                  84 74 83 -1 
                  85 74 84 -1 
                  86 74 85 -1 
                  87 74 86 -1 
                  88 74 87 -1 
                  89 74 88 -1 
                  90 74 89 -1 
                  91 74 90 -1 
                  92 74 91 -1 
                  93 74 92 -1 
                  94 74 93 -1 
                  95 74 94 -1 
                  96 74 95 -1 
                  97 74 96 -1 
                  98 74 97 -1 
                  99 74 98 -1 
                  100 74 99 -1 
                  101 74 100 -1 
                  102 74 101 -1 
                  103 74 102 -1 
                  104 74 103 -1 
                  105 74 104 -1 
                  106 74 105 -1 
                  107 74 106 -1 
                  108 74 107 -1 
                  109 74 108 -1 
                  112 111 110 -1 
                  113 112 110 -1 
                  114 113 110 -1 
                  115 114 110 -1 
                  116 115 110 -1 
                  117 116 110 -1 
                  118 117 110 -1 
                  119 118 110 -1 
                  120 119 110 -1 
                  121 120 110 -1 
                  122 121 110 -1 
                  123 122 110 -1 
                  124 123 110 -1 
                  125 124 110 -1 
                  126 125 110 -1 
                  127 126 110 -1 
                  128 127 110 -1 
                  129 128 110 -1 
                  130 129 110 -1 
                  131 130 110 -1 
                  132 131 110 -1 
                  133 132 110 -1 
                  134 133 110 -1 
                  135 134 110 -1 
                  136 135 110 -1 
                  137 136 110 -1 
                  138 137 110 -1 
                  139 138 110 -1 
                  140 139 110 -1 
                  141 140 110 -1 
                  142 141 110 -1 
                  143 142 110 -1 
                  144 143 110 -1 
                  145 144 110 -1 
                ]
              }
            }
            DEF Leads_16 Shape {
              appearance DEF __71 Appearance {
                material DEF __72 Material {
                  ambientIntensity 0.260947436094
                  diffuseColor 0.73400002718 0.773000001907 0.79699999094
                  shininess 0
                }
              }
              geometry DEF __73 IndexedFaceSet {
                solid FALSE
                coord Coordinate {
                  point [
                    0.01095 -0.00089 0.0001,
                    0.01095 -0.00089 -0.005,
                    0.0109462019383 -0.000846587955583 0.0001,
                    0.0109349231552 -0.000804494964169 0.0001,
                    0.0109165063509 -0.000765 0.0001,
                    0.0108915111108 -0.000729303097578 0.0001,
                    0.0108606969024 -0.00069848888922 0.0001,
                    0.010825 -0.000673493649054 0.0001,
                    0.0107855050358 -0.000655076844804 0.0001,
                    0.0107434120444 -0.000643798061747 0.0001,
                    0.0107 -0.00064 0.0001,
                    0.0106565879556 -0.000643798061747 0.0001,
                    0.0106144949642 -0.000655076844804 0.0001,
                    0.010575 -0.000673493649054 0.0001,
                    0.0105393030976 -0.00069848888922 0.0001,
                    0.0105084888892 -0.000729303097578 0.0001,
                    0.0104834936491 -0.000765 0.0001,
                    0.0104650768448 -0.000804494964169 0.0001,
                    0.0104537980617 -0.000846587955583 0.0001,
                    0.01045 -0.00089 0.0001,
                    0.0104537980617 -0.000933412044417 0.0001,
                    0.0104650768448 -0.000975505035831 0.0001,
                    0.0104834936491 -0.001015 0.0001,
                    0.0105084888892 -0.00105069690242 0.0001,
                    0.0105393030976 -0.00108151111078 0.0001,
                    0.010575 -0.00110650635095 0.0001,
                    0.0106144949642 -0.0011249231552 0.0001,
                    0.0106565879556 -0.00113620193825 0.0001,
                    0.0107 -0.00114 0.0001,
                    0.0107434120444 -0.00113620193825 0.0001,
                    0.0107855050358 -0.0011249231552 0.0001,
                    0.010825 -0.00110650635095 0.0001,
                    0.0108606969024 -0.00108151111078 0.0001,
                    0.0108915111108 -0.00105069690242 0.0001,
                    0.0109165063509 -0.001015 0.0001,
                    0.0109349231552 -0.000975505035831 0.0001,
                    0.0109462019383 -0.000933412044417 0.0001,
                    0.0109462019383 -0.000846587955583 -0.005,
                    0.0109349231552 -0.000804494964169 -0.005,
                    0.0109165063509 -0.000765 -0.005,
                    0.0108915111108 -0.000729303097578 -0.005,
                    0.0108606969024 -0.00069848888922 -0.005,
                    0.010825 -0.000673493649054 -0.005,
                    0.0107855050358 -0.000655076844804 -0.005,
                    0.0107434120444 -0.000643798061747 -0.005,
                    0.0107 -0.00064 -0.005,
                    0.0106565879556 -0.000643798061747 -0.005,
                    0.0106144949642 -0.000655076844804 -0.005,
                    0.010575 -0.000673493649054 -0.005,
                    0.0105393030976 -0.00069848888922 -0.005,
                    0.0105084888892 -0.000729303097578 -0.005,
                    0.0104834936491 -0.000765 -0.005,
                    0.0104650768448 -0.000804494964169 -0.005,
                    0.0104537980617 -0.000846587955583 -0.005,
                    0.01045 -0.00089 -0.005,
                    0.0104537980617 -0.000933412044417 -0.005,
                    0.0104650768448 -0.000975505035831 -0.005,
                    0.0104834936491 -0.001015 -0.005,
                    0.0105084888892 -0.00105069690242 -0.005,
                    0.0105393030976 -0.00108151111078 -0.005,
                    0.010575 -0.00110650635095 -0.005,
                    0.0106144949642 -0.0011249231552 -0.005,
                    0.0106565879556 -0.00113620193825 -0.005,
                    0.0107 -0.00114 -0.005,
                    0.0107434120444 -0.00113620193825 -0.005,
                    0.0107855050358 -0.0011249231552 -0.005,
                    0.010825 -0.00110650635095 -0.005,
                    0.0108606969024 -0.00108151111078 -0.005,
                    0.0108915111108 -0.00105069690242 -0.005,
                    0.0109165063509 -0.001015 -0.005,
                    0.0109349231552 -0.000975505035831 -0.005,
                    0.0109462019383 -0.000933412044417 -0.005

                  ]
                }
                normal Normal {
                  vector [
                    1 -2.220446e-16 0,
                    0.98480773 -0.17364818 0,
                    0.93969262 -0.34202015 0,
                    0.86602539 -0.5 0,
                    0.76604444 -0.64278764 0,
                    0.64278764 -0.76604444 0,
                    0.5 -0.86602539 0,
                    0.34202015 -0.93969262 0,
                    0.17364818 -0.98480773 0,
                    0 -1 0,
                    -0.17364818 -0.98480773 0,
                    -0.34202015 -0.93969262 0,
                    -0.5 -0.86602539 0,
                    -0.64278764 -0.76604444 0,
                    -0.76604444 -0.64278764 0,
                    -0.86602539 -0.5 0,
                    -0.93969262 -0.34202015 0,
                    -0.98480773 -0.17364818 0,
                    -1 1.110223e-16 0,
                    -0.98480773 0.17364818 0,
                    -0.93969262 0.34202015 0,
                    -0.86602539 0.5 0,
                    -0.76604444 0.64278764 0,
                    -0.64278764 0.76604444 0,
                    -0.5 0.86602539 0,
                    -0.34202015 0.93969262 0,
                    -0.17364818 0.98480773 0,
                    0 1 0,
                    0.17364818 0.98480773 0,
                    0.34202015 0.93969262 0,
                    0.5 0.86602539 0,
                    0.64278764 0.76604444 0,
                    0.76604444 0.64278764 0,
                    0.86602539 0.5 0,
                    0.93969262 0.34202015 0,
                    0.98480773 0.17364818 0,
                    1 0 0,
                    1 0 0,
                    0.98480773 0.17364818 0,
                    0.93969262 0.34202015 0,
                    0.86602539 0.5 0,
                    0.76604444 0.64278764 0,
                    0.64278764 0.76604444 0,
                    0.5 0.86602539 0,
                    0.34202015 0.93969262 0,
                    0.17364818 0.98480773 0,
                    0 1 0,
                    -0.17364818 0.98480773 0,
                    -0.34202015 0.93969262 0,
                    -0.5 0.86602539 0,
                    -0.64278764 0.76604444 0,
                    -0.76604444 0.64278764 0,
                    -0.86602539 0.5 0,
                    -0.93969262 0.34202015 0,
                    -0.98480773 0.17364818 0,
                    -1 1.110223e-16 0,
                    -0.98480773 -0.17364818 0,
                    -0.93969262 -0.34202015 0,
                    -0.86602539 -0.5 0,
                    -0.76604444 -0.64278764 0,
                    -0.64278764 -0.76604444 0,
                    -0.5 -0.86602539 0,
                    -0.34202015 -0.93969262 0,
                    -0.17364818 -0.98480773 0,
                    0 -1 0,
                    0.17364818 -0.98480773 0,
                    0.34202015 -0.93969262 0,
                    0.5 -0.86602539 0,
                    0.64278764 -0.76604444 0,
                    0.76604444 -0.64278764 0,
                    0.86602539 -0.5 0,
                    0.93969262 -0.34202015 0,
                    0.98480773 -0.17364818 0,
                    1 -2.220446e-16 0,
                    0 0 1,
                    0 0 1,
                    0 0 1,
                    0 0 1,
                    0 0 1,
                    0 0 1,
                    0 0 1,
                    0 0 1,
                    0 0 1,
                    0 0 1,
                    0 0 1,
                    0 0 1,
                    0 0 1,
                    0 0 1,
                    0 0 1,
                    0 0 1,
                    0 0 1,
                    0 0 1,
                    0 0 1,
                    0 0 1,
                    0 0 1,
                    0 0 1,
                    0 0 1,
                    0 0 1,
                    0 0 1,
                    0 0 1,
                    0 0 1,
                    0 0 1,
                    0 0 1,
                    0 0 1,
                    0 0 1,
                    0 0 1,
                    0 0 1,
                    0 0 1,
                    0 0 1,
                    0 0 1,
                    -0 -0 -1,
                    -0 -0 -1,
                    -0 -0 -1,
                    -0 -0 -1,
                    -0 -0 -1,
                    -0 -0 -1,
                    -0 -0 -1,
                    -0 -0 -1,
                    -0 -0 -1,
                    -0 -0 -1,
                    -0 -0 -1,
                    -0 -0 -1,
                    -0 -0 -1,
                    -0 -0 -1,
                    -0 -0 -1,
                    -0 -0 -1,
                    -0 -0 -1,
                    -0 -0 -1,
                    -0 -0 -1,
                    -0 -0 -1,
                    -0 -0 -1,
                    -0 -0 -1,
                    -0 -0 -1,
                    -0 -0 -1,
                    -0 -0 -1,
                    -0 -0 -1,
                    -0 -0 -1,
                    -0 -0 -1,
                    -0 -0 -1,
                    -0 -0 -1,
                    -0 -0 -1,
                    -0 -0 -1,
                    -0 -0 -1,
                    -0 -0 -1,
                    -0 -0 -1,
                    -0 -0 -1

                  ]
                }
                coordIndex [
                  71 0 36 -1 
                  70 36 35 -1 
                  69 35 34 -1 
                  68 34 33 -1 
                  67 33 32 -1 
                  29 64 30 -1 
                  28 63 29 -1 
                  27 62 28 -1 
                  26 61 27 -1 
                  25 60 26 -1 
                  24 59 25 -1 
                  23 58 24 -1 
                  22 57 23 -1 
                  21 56 22 -1 
                  20 55 21 -1 
                  19 54 20 -1 
                  18 53 19 -1 
                  17 52 18 -1 
                  16 51 17 -1 
                  15 50 16 -1 
                  14 49 15 -1 
                  13 48 14 -1 
                  12 47 13 -1 
                  11 46 12 -1 
                  10 45 11 -1 
                  9 44 10 -1 
                  8 43 9 -1 
                  7 42 8 -1 
                  6 41 7 -1 
                  5 40 6 -1 
                  4 39 5 -1 
                  3 38 4 -1 
                  2 37 3 -1 
                  0 1 2 -1 
                  66 32 31 -1 
                  65 31 30 -1 
                  37 2 1 -1 
                  38 3 37 -1 
                  39 4 38 -1 
                  40 5 39 -1 
                  41 6 40 -1 
                  42 7 41 -1 
                  43 8 42 -1 
                  44 9 43 -1 
                  45 10 44 -1 
                  46 11 45 -1 
                  47 12 46 -1 
                  48 13 47 -1 
                  49 14 48 -1 
                  50 15 49 -1 
                  51 16 50 -1 
                  52 17 51 -1 
                  53 18 52 -1 
                  54 19 53 -1 
                  55 20 54 -1 
                  56 21 55 -1 
                  57 22 56 -1 
                  58 23 57 -1 
                  59 24 58 -1 
                  60 25 59 -1 
                  61 26 60 -1 
                  62 27 61 -1 
                  63 28 62 -1 
                  64 29 63 -1 
                  65 30 64 -1 
                  66 31 65 -1 
                  67 32 66 -1 
                  68 33 67 -1 
                  69 34 68 -1 
                  70 35 69 -1 
                  71 36 70 -1 
                  1 0 71 -1 
                  3 0 2 -1 
                  4 0 3 -1 
                  5 0 4 -1 
                  6 0 5 -1 
                  7 0 6 -1 
                  8 0 7 -1 
                  9 0 8 -1 
                  10 0 9 -1 
                  11 0 10 -1 
                  12 0 11 -1 
                  13 0 12 -1 
                  14 0 13 -1 
                  15 0 14 -1 
                  16 0 15 -1 
                  17 0 16 -1 
                  18 0 17 -1 
                  19 0 18 -1 
                  20 0 19 -1 
                  21 0 20 -1 
                  22 0 21 -1 
                  23 0 22 -1 
                  24 0 23 -1 
                  25 0 24 -1 
                  26 0 25 -1 
                  27 0 26 -1 
                  28 0 27 -1 
                  29 0 28 -1 
                  30 0 29 -1 
                  31 0 30 -1 
                  32 0 31 -1 
                  33 0 32 -1 
                  34 0 33 -1 
                  35 0 34 -1 
                  36 0 35 -1 
                  38 37 1 -1 
                  39 38 1 -1 
                  40 39 1 -1 
                  41 40 1 -1 
                  42 41 1 -1 
                  43 42 1 -1 
                  44 43 1 -1 
                  45 44 1 -1 
                  46 45 1 -1 
                  47 46 1 -1 
                  48 47 1 -1 
                  49 48 1 -1 
                  50 49 1 -1 
                  51 50 1 -1 
                  52 51 1 -1 
                  53 52 1 -1 
                  54 53 1 -1 
                  55 54 1 -1 
                  56 55 1 -1 
                  57 56 1 -1 
                  58 57 1 -1 
                  59 58 1 -1 
                  60 59 1 -1 
                  61 60 1 -1 
                  62 61 1 -1 
                  63 62 1 -1 
                  64 63 1 -1 
                  65 64 1 -1 
                  66 65 1 -1 
                  67 66 1 -1 
                  68 67 1 -1 
                  69 68 1 -1 
                  70 69 1 -1 
                  71 70 1 -1 
                ]
                normalIndex [
                  72 0 1 -1 
                  71 1 2 -1 
                  70 2 3 -1 
                  69 3 4 -1 
                  68 4 5 -1 
                  8 65 7 -1 
                  9 64 8 -1 
                  10 63 9 -1 
                  11 62 10 -1 
                  12 61 11 -1 
                  13 60 12 -1 
                  14 59 13 -1 
                  15 58 14 -1 
                  16 57 15 -1 
                  17 56 16 -1 
                  18 55 17 -1 
                  19 54 18 -1 
                  20 53 19 -1 
                  21 52 20 -1 
                  22 51 21 -1 
                  23 50 22 -1 
                  24 49 23 -1 
                  25 48 24 -1 
                  26 47 25 -1 
                  27 46 26 -1 
                  28 45 27 -1 
                  29 44 28 -1 
                  30 43 29 -1 
                  31 42 30 -1 
                  32 41 31 -1 
                  33 40 32 -1 
                  34 39 33 -1 
                  35 38 34 -1 
                  36 37 35 -1 
                  67 5 6 -1 
                  66 6 7 -1 
                  38 35 37 -1 
                  39 34 38 -1 
                  40 33 39 -1 
                  41 32 40 -1 
                  42 31 41 -1 
                  43 30 42 -1 
                  44 29 43 -1 
                  45 28 44 -1 
                  46 27 45 -1 
                  47 26 46 -1 
                  48 25 47 -1 
                  49 24 48 -1 
                  50 23 49 -1 
                  51 22 50 -1 
                  52 21 51 -1 
                  53 20 52 -1 
                  54 19 53 -1 
                  55 18 54 -1 
                  56 17 55 -1 
                  57 16 56 -1 
                  58 15 57 -1 
                  59 14 58 -1 
                  60 13 59 -1 
                  61 12 60 -1 
                  62 11 61 -1 
                  63 10 62 -1 
                  64 9 63 -1 
                  65 8 64 -1 
                  66 7 65 -1 
                  67 6 66 -1 
                  68 5 67 -1 
                  69 4 68 -1 
                  70 3 69 -1 
                  71 2 70 -1 
                  72 1 71 -1 
                  73 0 72 -1 
                  76 74 75 -1 
                  77 74 76 -1 
                  78 74 77 -1 
                  79 74 78 -1 
                  80 74 79 -1 
                  81 74 80 -1 
                  82 74 81 -1 
                  83 74 82 -1 
                  84 74 83 -1 
                  85 74 84 -1 
                  86 74 85 -1 
                  87 74 86 -1 
                  88 74 87 -1 
                  89 74 88 -1 
                  90 74 89 -1 
                  91 74 90 -1 
                  92 74 91 -1 
                  93 74 92 -1 
                  94 74 93 -1 
                  95 74 94 -1 
                  96 74 95 -1 
                  97 74 96 -1 
                  98 74 97 -1 
                  99 74 98 -1 
                  100 74 99 -1 
                  101 74 100 -1 
                  102 74 101 -1 
                  103 74 102 -1 
                  104 74 103 -1 
                  105 74 104 -1 
                  106 74 105 -1 
                  107 74 106 -1 
                  108 74 107 -1 
                  109 74 108 -1 
                  112 111 110 -1 
                  113 112 110 -1 
                  114 113 110 -1 
                  115 114 110 -1 
                  116 115 110 -1 
                  117 116 110 -1 
                  118 117 110 -1 
                  119 118 110 -1 
                  120 119 110 -1 
                  121 120 110 -1 
                  122 121 110 -1 
                  123 122 110 -1 
                  124 123 110 -1 
                  125 124 110 -1 
                  126 125 110 -1 
                  127 126 110 -1 
                  128 127 110 -1 
                  129 128 110 -1 
                  130 129 110 -1 
                  131 130 110 -1 
                  132 131 110 -1 
                  133 132 110 -1 
                  134 133 110 -1 
                  135 134 110 -1 
                  136 135 110 -1 
                  137 136 110 -1 
                  138 137 110 -1 
                  139 138 110 -1 
                  140 139 110 -1 
                  141 140 110 -1 
                  142 141 110 -1 
                  143 142 110 -1 
                  144 143 110 -1 
                  145 144 110 -1 
                ]
              }
            }
          ]
        }
      ]
    }
  ]
}
